leader,1143,3.43370218,46.33933866
leader,1343,3.43370257,46.33933806
leader,2043,3.43370467,46.33933729
leader,2643,3.43370540,46.33933627
leader,3243,3.43370945,46.33933376
leader,3643,3.43371270,46.33933131
leader,4243,3.43371816,46.33932675
leader,4743,3.43372418,46.33932266
leader,5143,3.43372888,46.33931820
leader,5743,3.43373604,46.33931200
leader,6243,3.43374179,46.33930620
leader,6743,3.43374767,46.33930102
leader,7243,3.43375382,46.33929554
leader,7743,3.43375924,46.33928987
leader,8143,3.43376406,46.33928523
leader,8643,3.43376939,46.33927967
leader,9143,3.43377455,46.33927446
leader,9643,3.43378029,46.33926872
leader,10143,3.43378545,46.33926333
leader,10743,3.43379173,46.33925718
leader,11143,3.43379592,46.33925345
leader,11643,3.43380133,46.33924785
leader,12143,3.43380627,46.33924235
leader,12543,3.43381101,46.33923785
leader,13143,3.43381750,46.33923178
leader,13743,3.43382341,46.33922590
leader,14143,3.43382760,46.33922166
leader,14543,3.43383175,46.33921772
leader,15143,3.43383779,46.33921182
leader,15543,3.43384166,46.33920815
leader,16043,3.43384679,46.33920333
leader,16543,3.43385118,46.33919855
leader,17043,3.43385599,46.33919444
leader,17443,3.43385593,46.33919450
leader,17843,3.43385562,46.33919439
leader,18343,3.43385568,46.33919424
leader,18843,3.43385590,46.33919424
leader,19243,3.43385509,46.33919438
leader,19843,3.43385597,46.33919409
leader,20243,3.43385541,46.33919452
leader,20743,3.43385532,46.33919417
leader,21143,3.43385612,46.33919431
leader,21743,3.43385596,46.33919460
leader,22243,3.43385531,46.33919434
leader,22643,3.43385547,46.33919413
leader,23243,3.43385579,46.33919443
leader,23643,3.43385611,46.33919438
leader,24143,3.43385589,46.33919423
leader,24643,3.43385579,46.33919474
leader,25043,3.43385549,46.33919407
leader,25443,3.43385574,46.33919453
leader,25943,3.43385589,46.33919419
leader,26443,3.43385571,46.33919459
leader,26843,3.43385567,46.33919434
leader,27343,3.43385541,46.33919466
leader,28043,3.43385587,46.33919447
leader,28943,3.43385592,46.33919418
leader,29443,3.43385569,46.33919463
leader,29943,3.43385574,46.33919470
leader,30343,3.43385612,46.33919406
leader,32043,3.43385565,46.33919442
leader,32543,3.43385555,46.33919443
leader,33043,3.43385588,46.33919467
leader,33443,3.43385576,46.33919438
leader,33943,3.43385545,46.33919454
leader,34443,3.43385529,46.33919468
leader,34843,3.43385577,46.33919454
leader,35343,3.43385561,46.33919473
leader,35943,3.43385535,46.33919428
leader,36443,3.43385552,46.33919430
leader,36843,3.43385558,46.33919411
leader,37343,3.43385548,46.33919436
leader,37943,3.43385525,46.33919445
leader,38343,3.43385613,46.33919460
leader,38843,3.43385576,46.33919439
leader,39343,3.43385598,46.33919443
leader,39743,3.43385883,46.33919112
leader,40143,3.43386242,46.33918773
leader,40743,3.43386815,46.33918259
leader,41143,3.43387112,46.33917893
leader,41543,3.43387434,46.33917551
leader,41943,3.43387703,46.33917191
leader,42443,3.43387923,46.33916983
leader,42943,3.43388103,46.33916746
leader,43443,3.43388186,46.33916491
leader,43943,3.43388307,46.33916216
leader,44443,3.43388405,46.33915939
leader,44843,3.43388452,46.33915747
leader,45243,3.43388425,46.33915536
leader,45743,3.43388364,46.33915257
leader,46243,3.43388328,46.33914991
leader,46643,3.43388212,46.33914770
leader,47143,3.43388089,46.33914512
leader,47643,3.43388085,46.33914245
leader,48143,3.43387828,46.33914030
leader,48743,3.43387596,46.33913740
leader,49243,3.43387405,46.33913500
leader,49643,3.43387272,46.33913350
leader,50143,3.43387223,46.33913321
leader,50643,3.43387230,46.33913348
leader,51143,3.43387236,46.33913300
leader,51643,3.43387200,46.33913337
leader,52143,3.43387176,46.33913311
leader,52543,3.43387225,46.33913332
leader,53043,3.43387165,46.33913360
leader,53543,3.43387294,46.33913400
leader,54043,3.43387518,46.33913610
leader,54443,3.43387761,46.33913722
leader,54943,3.43388046,46.33913886
leader,55443,3.43388404,46.33914089
leader,55843,3.43388640,46.33914192
leader,56343,3.43388993,46.33914289
leader,56843,3.43389377,46.33914407
leader,57343,3.43389604,46.33914458
leader,57743,3.43389688,46.33914442
leader,58243,3.43389628,46.33914432
leader,58743,3.43389616,46.33914424
leader,59143,3.43389591,46.33914441
leader,59643,3.43389601,46.33914454
leader,60143,3.43389284,46.33914360
leader,60643,3.43388948,46.33914348
leader,61143,3.43388518,46.33914290
leader,61743,3.43388065,46.33914289
leader,62243,3.43387685,46.33914295
leader,62743,3.43387309,46.33914359
leader,63343,3.43386821,46.33914411
leader,63943,3.43386432,46.33914510
leader,64443,3.43386032,46.33914601
leader,65043,3.43385627,46.33914751
leader,65543,3.43385328,46.33914847
leader,68743,3.43383565,46.33916099
leader,69243,3.43383236,46.33916326
leader,69743,3.43382860,46.33916736
leader,70243,3.43382436,46.33917262
leader,70643,3.43382113,46.33917713
leader,71143,3.43381692,46.33918295
leader,71743,3.43381214,46.33918959
leader,72143,3.43380884,46.33919363
leader,72643,3.43380479,46.33919888
leader,73143,3.43380086,46.33920382
leader,73643,3.43379808,46.33920838
leader,74243,3.43379345,46.33921356
leader,74743,3.43379078,46.33921729
leader,75243,3.43378765,46.33922075
leader,75743,3.43378523,46.33922388
leader,76143,3.43378314,46.33922609
leader,76743,3.43378001,46.33922954
leader,77543,3.43377614,46.33923338
leader,78243,3.43377262,46.33923731
leader,80043,3.43376191,46.33924712
leader,82043,3.43374608,46.33926105
leader,83843,3.43372738,46.33927838
leader,84443,3.43372110,46.33928438
leader,85143,3.43371363,46.33929184
leader,85843,3.43370584,46.33929969
leader,86443,3.43369973,46.33930590
leader,86943,3.43369367,46.33931109
leader,87443,3.43368794,46.33931745
leader,87943,3.43368230,46.33932282
leader,88443,3.43367634,46.33932852
leader,88943,3.43367116,46.33933428
leader,89543,3.43366416,46.33934110
leader,90143,3.43365711,46.33934803
leader,90643,3.43365174,46.33935398
leader,91243,3.43364560,46.33936078
leader,91743,3.43364009,46.33936645
leader,92243,3.43363481,46.33937209
leader,92843,3.43363240,46.33937399
leader,93243,3.43363289,46.33937418
leader,93843,3.43363309,46.33937408
leader,95143,3.43363264,46.33937406
leader,95743,3.43363312,46.33937381
leader,96243,3.43363291,46.33937412
leader,96743,3.43363314,46.33937378
leader,97243,3.43363277,46.33937407
leader,97843,3.43363282,46.33937427
leader,98443,3.43363286,46.33937386
leader,99043,3.43363296,46.33937426
leader,99643,3.43363293,46.33937387
leader,100243,3.43363280,46.33937406
leader,100843,3.43363294,46.33937406
leader,101443,3.43363265,46.33937416
leader,102043,3.43363284,46.33937392
leader,102543,3.43363276,46.33937396
leader,103243,3.43363322,46.33937393
leader,103743,3.43363297,46.33937390
leader,104243,3.43363313,46.33937395
leader,104843,3.43363276,46.33937391
leader,105343,3.43363286,46.33937390
leader,105943,3.43363284,46.33937396
leader,106443,3.43363305,46.33937410
leader,106943,3.43363275,46.33937426
leader,107543,3.43363313,46.33937390
leader,108043,3.43363315,46.33937359
leader,108543,3.43363253,46.33937400
leader,109143,3.43363292,46.33937362
leader,109643,3.43363266,46.33937407
leader,110043,3.43363288,46.33937385
leader,110443,3.43363307,46.33937421
leader,110743,3.43363306,46.33937393
leader,111143,3.43363351,46.33937398
leader,111543,3.43363285,46.33937410
leader,111943,3.43363278,46.33937413
leader,112343,3.43363294,46.33937426
leader,112743,3.43363324,46.33937408
leader,113143,3.43363294,46.33937394
leader,113543,3.43363326,46.33937419
leader,113943,3.43363266,46.33937389
leader,114343,3.43363312,46.33937367
leader,115143,3.43363258,46.33937392
leader,115643,3.43362896,46.33937785
leader,116343,3.43362085,46.33938595
leader,116943,3.43361414,46.33939257
leader,117643,3.43360872,46.33939746
leader,118243,3.43360588,46.33939986
leader,118743,3.43360294,46.33940179
leader,119343,3.43359928,46.33940415
leader,119943,3.43359520,46.33940556
leader,120543,3.43359107,46.33940646
leader,121143,3.43358600,46.33940778
leader,121743,3.43358096,46.33940795
leader,122343,3.43357686,46.33940810
leader,122943,3.43357223,46.33940795
leader,123643,3.43356659,46.33940736
leader,124243,3.43356188,46.33940649
leader,124843,3.43356040,46.33940659
leader,125343,3.43356063,46.33940652
leader,125943,3.43356164,46.33940664
leader,126443,3.43356561,46.33940759
leader,126943,3.43356853,46.33940868
leader,127443,3.43357117,46.33941043
leader,128043,3.43357496,46.33941222
leader,128643,3.43357781,46.33941416
leader,129243,3.43358090,46.33941723
leader,129743,3.43358212,46.33941839
leader,130243,3.43358253,46.33941860
leader,130743,3.43358250,46.33941861
leader,131143,3.43358190,46.33941789
leader,131743,3.43358219,46.33941833
leader,132243,3.43358227,46.33941858
leader,132843,3.43358240,46.33941839
leader,133343,3.43358245,46.33941834
leader,133843,3.43358253,46.33941848
leader,134443,3.43358139,46.33941769
leader,134943,3.43357969,46.33941541
leader,135643,3.43357651,46.33941194
leader,136143,3.43357555,46.33940929
leader,136843,3.43357348,46.33940591
leader,137343,3.43357232,46.33940305
leader,138043,3.43357149,46.33939914
leader,138643,3.43357066,46.33939625
leader,139243,3.43357099,46.33939285
leader,139643,3.43357067,46.33939071
leader,140143,3.43357181,46.33938788
leader,140643,3.43357305,46.33938531
leader,141143,3.43357443,46.33938296
leader,141643,3.43357604,46.33938035
leader,142043,3.43357685,46.33937852
leader,142543,3.43357915,46.33937647
leader,143043,3.43358104,46.33937380
leader,143543,3.43358323,46.33937148
leader,143943,3.43358584,46.33936990
leader,144443,3.43358908,46.33936716
leader,145043,3.43359560,46.33936171
leader,145543,3.43360157,46.33935686
leader,146043,3.43360730,46.33935193
leader,146543,3.43361316,46.33934692
leader,146943,3.43361835,46.33934258
leader,147443,3.43362418,46.33933696
leader,147843,3.43362913,46.33933305
leader,148343,3.43363447,46.33932804
leader,148843,3.43364038,46.33932290
leader,149243,3.43364431,46.33931860
leader,149743,3.43364957,46.33931369
leader,150243,3.43365467,46.33930855
leader,150743,3.43365934,46.33930386
leader,151343,3.43366534,46.33929698
leader,151843,3.43367040,46.33929210
leader,152443,3.43367672,46.33928636
leader,152943,3.43368174,46.33928085
leader,153543,3.43368738,46.33927519
leader,154043,3.43369237,46.33926980
leader,154543,3.43369718,46.33926449
leader,155143,3.43370286,46.33925849
leader,155743,3.43370888,46.33925217
leader,156243,3.43371458,46.33924651
leader,156843,3.43372046,46.33924009
leader,157243,3.43372498,46.33923541
leader,157743,3.43373058,46.33923005
leader,158343,3.43373734,46.33922337
leader,158843,3.43374288,46.33921819
leader,159443,3.43374880,46.33921191
leader,159943,3.43375425,46.33920657
leader,160543,3.43376023,46.33920017
leader,161043,3.43376582,46.33919474
leader,161443,3.43376933,46.33919094
leader,162043,3.43377575,46.33918435
leader,162543,3.43378065,46.33917891
leader,163143,3.43378685,46.33917220
leader,163643,3.43379199,46.33916677
leader,164143,3.43379232,46.33916525
leader,164743,3.43379262,46.33916513
leader,165143,3.43379283,46.33916559
leader,165743,3.43379295,46.33916523
leader,166243,3.43379301,46.33916486
leader,166843,3.43379287,46.33916503
leader,167343,3.43379290,46.33916521
leader,167843,3.43379271,46.33916518
leader,168443,3.43379272,46.33916529
leader,168943,3.43379302,46.33916507
leader,169543,3.43379296,46.33916515
leader,170043,3.43379306,46.33916529
leader,170543,3.43379258,46.33916535
leader,171143,3.43379344,46.33916495
leader,171643,3.43379292,46.33916495
leader,172043,3.43379285,46.33916586
leader,172543,3.43379258,46.33916501
leader,173043,3.43379267,46.33916490
leader,173543,3.43379288,46.33916512
leader,174243,3.43379280,46.33916488
leader,174743,3.43379267,46.33916527
leader,175343,3.43379309,46.33916541
leader,175843,3.43379269,46.33916504
leader,176243,3.43379332,46.33916536
leader,176843,3.43379318,46.33916505
leader,177343,3.43379277,46.33916495
leader,177843,3.43379254,46.33916509
leader,178243,3.43379271,46.33916533
leader,178843,3.43379255,46.33916496
leader,179343,3.43379304,46.33916487
leader,179943,3.43379309,46.33916518
leader,180543,3.43379288,46.33916532
leader,180943,3.43379304,46.33916525
leader,181543,3.43379288,46.33916501
leader,181943,3.43379272,46.33916494
leader,182443,3.43379265,46.33916511
leader,182943,3.43379251,46.33916520
leader,183543,3.43379296,46.33916523
leader,183943,3.43379286,46.33916505
leader,184543,3.43379284,46.33916534
leader,185043,3.43379253,46.33916498
leader,185643,3.43379320,46.33916537
leader,186043,3.43379299,46.33916510
leader,186543,3.43379288,46.33916505
leader,187043,3.43379536,46.33916263
leader,187543,3.43380068,46.33915654
leader,188143,3.43380705,46.33914953
leader,188543,3.43381208,46.33914460
leader,189043,3.43381604,46.33913951
leader,189543,3.43381769,46.33913721
leader,190043,3.43381894,46.33913463
leader,190543,3.43382070,46.33913177
leader,191143,3.43382042,46.33912841
leader,191743,3.43382009,46.33912543
leader,192343,3.43381958,46.33912221
leader,193043,3.43381831,46.33911853
leader,193643,3.43381684,46.33911546
leader,194143,3.43381509,46.33911329
leader,194843,3.43381272,46.33910994
leader,195343,3.43381045,46.33910772
leader,195943,3.43380994,46.33910743
leader,200743,3.43381549,46.33911118
leader,201443,3.43381981,46.33911378
leader,202043,3.43382413,46.33911533
leader,202643,3.43382812,46.33911643
leader,203143,3.43383145,46.33911722
leader,203743,3.43383539,46.33911744
leader,204243,3.43383454,46.33911748
leader,204843,3.43383493,46.33911740
leader,205443,3.43383440,46.33911737
leader,205943,3.43383505,46.33911751
leader,206443,3.43383273,46.33911740
leader,206943,3.43382917,46.33911711
leader,207543,3.43382469,46.33911652
leader,207943,3.43382126,46.33911661
leader,208543,3.43381651,46.33911702
leader,208943,3.43381399,46.33911667
leader,209443,3.43380960,46.33911745
leader,209943,3.43380608,46.33911815
leader,210443,3.43380280,46.33911887
leader,210943,3.43379891,46.33911966
leader,211443,3.43379547,46.33912095
leader,211843,3.43379307,46.33912217
leader,212343,3.43378942,46.33912374
leader,212843,3.43378635,46.33912534
leader,213443,3.43378265,46.33912737
leader,214043,3.43377995,46.33912981
leader,214543,3.43377721,46.33913184
leader,215043,3.43377495,46.33913404
leader,215543,3.43377167,46.33913653
leader,216043,3.43376892,46.33913943
leader,216543,3.43376473,46.33914408
leader,217143,3.43375989,46.33915078
leader,217743,3.43375496,46.33915708
leader,218343,3.43374989,46.33916405
leader,218943,3.43374574,46.33917017
leader,219443,3.43374204,46.33917477
leader,220043,3.43373811,46.33917980
leader,220543,3.43373597,46.33918411
leader,221043,3.43373268,46.33918723
leader,221443,3.43373070,46.33918967
leader,221943,3.43372846,46.33919199
leader,222343,3.43372654,46.33919441
leader,222843,3.43372516,46.33919702
leader,223343,3.43372238,46.33919923
leader,223743,3.43372059,46.33920099
leader,224243,3.43371787,46.33920375
leader,224643,3.43371599,46.33920508
leader,225243,3.43371307,46.33920784
leader,225643,3.43371030,46.33921047
leader,226143,3.43370680,46.33921328
leader,226543,3.43370462,46.33921571
leader,227043,3.43370031,46.33921887
leader,227543,3.43369515,46.33922283
leader,228043,3.43369111,46.33922733
leader,228643,3.43368508,46.33923260
leader,229243,3.43367893,46.33923871
leader,229843,3.43367255,46.33924483
leader,230443,3.43366650,46.33925096
leader,230943,3.43366079,46.33925604
leader,231543,3.43365462,46.33926249
leader,232143,3.43364752,46.33926870
leader,232743,3.43364021,46.33927507
leader,233343,3.43363376,46.33928221
leader,233843,3.43362743,46.33928759
leader,234343,3.43362159,46.33929378
leader,234843,3.43361523,46.33929946
leader,235343,3.43361007,46.33930561
leader,235843,3.43360387,46.33931137
leader,236343,3.43359777,46.33931744
leader,236843,3.43359177,46.33932351
leader,237343,3.43358610,46.33932936
leader,237743,3.43358175,46.33933364
leader,238243,3.43357575,46.33933977
leader,238643,3.43357090,46.33934473
leader,239143,3.43357078,46.33934482
leader,239543,3.43357100,46.33934495
leader,239943,3.43357028,46.33934497
leader,240443,3.43357092,46.33934514
leader,240943,3.43357094,46.33934501
leader,241443,3.43357090,46.33934497
leader,241943,3.43357084,46.33934497
leader,242343,3.43357059,46.33934507
leader,242943,3.43357072,46.33934486
leader,243443,3.43357040,46.33934484
leader,243843,3.43357067,46.33934485
leader,244443,3.43357092,46.33934503
leader,244943,3.43357072,46.33934498
leader,245443,3.43357100,46.33934471
leader,245943,3.43357119,46.33934473
leader,246443,3.43357141,46.33934507
leader,246943,3.43357077,46.33934460
leader,247543,3.43357074,46.33934510
leader,248043,3.43357084,46.33934505
leader,248643,3.43357091,46.33934505
leader,249243,3.43357077,46.33934453
leader,249743,3.43357095,46.33934488
leader,250343,3.43357064,46.33934501
leader,250943,3.43357061,46.33934497
leader,251443,3.43357075,46.33934501
leader,251943,3.43357124,46.33934508
leader,252543,3.43357106,46.33934474
leader,253143,3.43357113,46.33934493
leader,253643,3.43357021,46.33934478
leader,254243,3.43357109,46.33934486
leader,254843,3.43357138,46.33934517
leader,255443,3.43357123,46.33934464
leader,256043,3.43357089,46.33934489
leader,256643,3.43357063,46.33934508
leader,257243,3.43357085,46.33934495
leader,257843,3.43357103,46.33934491
leader,258243,3.43357087,46.33934461
leader,258843,3.43357117,46.33934465
leader,259343,3.43357111,46.33934495
leader,259943,3.43357096,46.33934483
leader,260443,3.43357075,46.33934507
leader,261043,3.43357090,46.33934463
leader,261543,3.43356984,46.33934589
leader,262043,3.43356509,46.33935135
leader,262543,3.43355900,46.33935702
leader,263043,3.43355390,46.33936229
leader,263643,3.43354853,46.33936741
leader,264143,3.43354670,46.33936952
leader,264743,3.43354314,46.33937204
leader,265343,3.43353993,46.33937384
leader,265843,3.43353639,46.33937533
leader,266343,3.43353298,46.33937661
leader,267043,3.43352765,46.33937848
leader,267443,3.43352479,46.33937895
leader,268043,3.43352024,46.33937957
leader,268543,3.43351687,46.33938014
leader,269043,3.43351235,46.33937980
leader,269543,3.43350840,46.33937949
leader,270043,3.43350516,46.33937904
leader,270543,3.43350084,46.33937797
leader,271043,3.43350013,46.33937871
leader,271643,3.43350098,46.33937827
leader,272143,3.43350071,46.33937826
leader,272643,3.43350076,46.33937855
leader,273143,3.43350401,46.33937908
leader,273743,3.43350739,46.33938051
leader,274243,3.43351094,46.33938194
leader,274743,3.43351465,46.33938352
leader,275243,3.43351699,46.33938538
leader,275743,3.43351955,46.33938724
leader,276343,3.43352210,46.33938994
leader,276943,3.43352214,46.33939007
leader,277443,3.43352159,46.33938977
leader,277943,3.43352106,46.33938880
leader,278443,3.43351933,46.33938670
leader,279043,3.43351694,46.33938353
leader,279443,3.43351538,46.33938139
leader,280043,3.43351359,46.33937860
leader,280543,3.43351201,46.33937609
leader,281143,3.43351174,46.33937293
leader,281643,3.43351130,46.33937001
leader,282143,3.43351073,46.33936745
leader,282643,3.43351194,46.33936517
leader,283243,3.43351170,46.33936156
leader,283743,3.43351313,46.33935844
leader,284443,3.43351480,46.33935529
leader,285043,3.43351679,46.33935179
leader,285643,3.43351906,46.33934948
leader,286243,3.43352144,46.33934641
leader,286843,3.43352382,46.33934408
leader,287343,3.43352614,46.33934139
leader,287943,3.43353135,46.33933691
leader,288443,3.43353752,46.33933272
leader,289143,3.43354519,46.33932592
leader,289643,3.43355183,46.33932095
leader,290243,3.43355868,46.33931520
leader,290943,3.43356633,46.33930815
leader,291543,3.43357317,46.33930267
leader,292143,3.43357893,46.33929722
leader,292743,3.43358424,46.33929185
leader,293243,3.43358919,46.33928764
leader,293843,3.43359400,46.33928332
leader,294443,3.43359810,46.33927918
leader,295043,3.43360213,46.33927469
leader,295743,3.43360759,46.33927013
leader,296343,3.43361108,46.33926594
leader,296943,3.43361540,46.33926124
leader,297643,3.43362076,46.33925604
leader,298243,3.43362514,46.33925123
leader,298943,3.43363063,46.33924522
leader,299443,3.43363400,46.33924071
leader,300143,3.43364049,46.33923443
leader,300743,3.43364572,46.33922938
leader,301243,3.43364975,46.33922482
leader,301843,3.43365509,46.33921926
leader,302443,3.43366029,46.33921429
leader,303043,3.43366595,46.33920868
leader,303643,3.43367048,46.33920295
leader,304243,3.43367623,46.33919709
leader,304843,3.43368203,46.33919115
leader,305443,3.43368732,46.33918598
leader,305943,3.43369202,46.33918107
leader,306443,3.43369689,46.33917641
leader,307143,3.43370313,46.33917003
leader,307743,3.43370852,46.33916385
leader,308443,3.43371525,46.33915643
leader,308943,3.43371941,46.33915145
leader,309643,3.43372689,46.33914340
leader,310243,3.43373177,46.33913728
leader,310743,3.43373149,46.33913734
leader,311343,3.43373163,46.33913747
leader,311943,3.43373171,46.33913768
leader,312443,3.43373186,46.33913754
leader,313043,3.43373216,46.33913770
leader,313643,3.43373157,46.33913742
leader,314243,3.43373173,46.33913750
leader,314943,3.43373189,46.33913784
leader,315443,3.43373183,46.33913727
leader,315943,3.43373144,46.33913771
leader,316343,3.43373210,46.33913776
leader,316943,3.43373131,46.33913736
leader,317343,3.43373142,46.33913760
leader,317943,3.43373156,46.33913757
leader,318343,3.43373159,46.33913762
leader,319043,3.43373152,46.33913760
leader,320043,3.43373135,46.33913759
leader,320543,3.43373139,46.33913754
leader,321043,3.43373126,46.33913731
leader,321543,3.43373147,46.33913792
leader,321943,3.43373141,46.33913733
leader,322443,3.43373200,46.33913765
leader,322943,3.43373173,46.33913764
leader,323443,3.43373194,46.33913771
leader,323943,3.43373162,46.33913768
leader,324443,3.43373158,46.33913770
leader,324943,3.43373178,46.33913733
leader,325443,3.43373175,46.33913737
leader,325943,3.43373144,46.33913758
leader,326443,3.43373200,46.33913773
leader,326943,3.43373198,46.33913763
leader,327343,3.43373158,46.33913761
leader,327843,3.43373175,46.33913791
leader,328343,3.43373161,46.33913742
leader,328843,3.43373115,46.33913766
leader,329343,3.43373162,46.33913778
leader,329743,3.43373189,46.33913730
leader,330143,3.43373181,46.33913756
leader,330643,3.43373158,46.33913756
leader,331043,3.43373185,46.33913732
leader,331543,3.43373138,46.33913735
leader,332043,3.43373135,46.33913733
leader,332443,3.43373153,46.33913753
leader,332943,3.43373193,46.33913763
leader,333443,3.43373154,46.33913743
leader,333843,3.43373163,46.33913758
leader,334443,3.43373141,46.33913757
leader,334943,3.43373168,46.33913740
leader,335343,3.43373161,46.33913774
leader,335943,3.43373333,46.33913523
leader,336343,3.43373767,46.33913084
leader,336843,3.43374334,46.33912497
leader,337443,3.43374945,46.33911761
leader,337943,3.43375368,46.33911284
leader,338343,3.43375459,46.33911084
leader,338943,3.43375706,46.33910789
leader,339343,3.43375748,46.33910591
leader,339743,3.43375830,46.33910361
leader,340243,3.43375842,46.33910108
leader,340743,3.43375878,46.33909831
leader,341243,3.43375787,46.33909591
leader,341543,3.43375788,46.33909417
leader,342143,3.43375623,46.33909081
leader,342643,3.43375503,46.33908864
leader,343043,3.43375357,46.33908654
leader,343743,3.43375143,46.33908305
leader,344243,3.43374944,46.33908078
leader,344743,3.43374846,46.33907933
leader,345343,3.43374832,46.33907923
leader,345843,3.43374842,46.33907905
leader,346343,3.43374856,46.33907933
leader,346943,3.43374823,46.33907926
leader,347443,3.43374874,46.33907943
leader,347943,3.43374811,46.33907934
leader,348543,3.43374831,46.33907919
leader,348943,3.43374855,46.33907919
leader,349443,3.43375059,46.33908094
leader,349943,3.43375304,46.33908310
leader,350443,3.43375578,46.33908502
leader,350943,3.43375934,46.33908680
leader,351443,3.43376232,46.33908817
leader,351943,3.43376632,46.33908901
leader,352443,3.43376931,46.33908969
leader,352843,3.43377265,46.33909036
leader,353343,3.43377362,46.33909036
leader,353843,3.43377375,46.33909005
leader,354343,3.43377352,46.33909052
leader,354943,3.43376868,46.33908954
leader,355443,3.43376522,46.33908952
leader,355943,3.43376055,46.33908919
leader,356543,3.43375629,46.33908914
leader,357043,3.43375241,46.33908939
leader,357643,3.43374764,46.33908968
leader,358143,3.43374389,46.33909038
leader,358643,3.43373980,46.33909142
leader,359143,3.43373689,46.33909237
leader,359643,3.43373307,46.33909375
leader,360143,3.43373050,46.33909498
leader,360543,3.43372741,46.33909588
leader,361043,3.43372458,46.33909741
leader,361543,3.43372183,46.33909997
leader,362043,3.43371911,46.33910172
leader,362443,3.43371674,46.33910319
leader,362943,3.43371443,46.33910532
leader,366343,3.43368855,46.33913648
leader,366843,3.43368493,46.33914217
leader,367343,3.43368109,46.33914692
leader,367843,3.43367675,46.33915201
leader,368243,3.43367368,46.33915564
leader,368743,3.43366980,46.33916033
leader,369243,3.43366488,46.33916493
leader,369743,3.43366044,46.33916937
leader,370143,3.43365651,46.33917274
leader,370743,3.43364996,46.33917862
leader,371243,3.43364461,46.33918339
leader,371643,3.43364072,46.33918777
leader,372143,3.43363572,46.33919280
leader,372643,3.43363085,46.33919809
leader,373143,3.43362560,46.33920276
leader,373543,3.43362215,46.33920765
leader,373943,3.43361828,46.33921114
leader,374443,3.43361264,46.33921696
leader,374943,3.43360803,46.33922206
leader,375443,3.43360317,46.33922690
leader,375943,3.43359762,46.33923209
leader,376343,3.43359356,46.33923606
leader,376743,3.43358871,46.33924021
leader,377343,3.43358251,46.33924639
leader,377743,3.43357870,46.33925104
leader,378243,3.43357342,46.33925674
leader,378743,3.43356762,46.33926135
leader,379243,3.43356233,46.33926695
leader,379643,3.43355880,46.33927107
leader,380043,3.43355399,46.33927594
leader,380543,3.43354900,46.33928089
leader,380943,3.43354457,46.33928515
leader,381343,3.43353965,46.33928960
leader,381843,3.43353458,46.33929479
leader,382343,3.43352956,46.33930060
leader,382743,3.43352427,46.33930470
leader,383243,3.43351910,46.33931037
leader,383743,3.43351307,46.33931598
leader,384243,3.43351234,46.33931724
leader,384743,3.43351252,46.33931704
leader,385243,3.43351266,46.33931722
leader,385743,3.43351263,46.33931714
leader,386243,3.43351215,46.33931703
leader,386743,3.43351234,46.33931695
leader,387243,3.43351236,46.33931704
leader,387743,3.43351219,46.33931688
leader,388343,3.43351170,46.33931733
leader,388743,3.43351230,46.33931723
leader,389243,3.43351250,46.33931716
leader,389643,3.43351242,46.33931727
leader,390343,3.43351232,46.33931733
leader,390943,3.43351221,46.33931686
leader,391543,3.43351260,46.33931737
leader,392143,3.43351182,46.33931711
leader,392743,3.43351255,46.33931725
leader,393343,3.43351236,46.33931705
leader,393943,3.43351279,46.33931761
leader,394543,3.43351251,46.33931703
leader,395143,3.43351283,46.33931705
leader,395743,3.43351228,46.33931700
leader,396343,3.43351278,46.33931707
leader,396943,3.43351240,46.33931689
leader,397443,3.43351279,46.33931692
leader,398143,3.43351218,46.33931694
leader,398543,3.43351266,46.33931706
leader,399143,3.43351213,46.33931708
leader,399643,3.43351218,46.33931684
leader,400143,3.43351252,46.33931743
leader,400743,3.43351282,46.33931708
leader,401243,3.43351229,46.33931725
leader,401843,3.43351307,46.33931692
leader,402343,3.43351279,46.33931711
leader,402843,3.43351282,46.33931724
leader,403443,3.43351246,46.33931661
leader,403943,3.43351255,46.33931716
leader,404543,3.43351252,46.33931712
leader,405243,3.43351258,46.33931658
leader,405843,3.43351218,46.33931749
leader,406443,3.43350681,46.33932292
leader,407043,3.43349943,46.33932936
leader,407543,3.43349347,46.33933509
leader,408143,3.43349041,46.33933869
leader,408543,3.43348807,46.33933971
leader,409143,3.43348482,46.33934270
leader,409743,3.43348034,46.33934433
leader,410243,3.43347666,46.33934534
leader,410743,3.43347381,46.33934654
leader,411243,3.43346996,46.33934732
leader,411743,3.43346593,46.33934827
leader,412243,3.43346249,46.33934831
leader,412843,3.43345797,46.33934891
leader,413243,3.43345511,46.33934889
leader,413843,3.43345002,46.33934893
leader,414343,3.43344614,46.33934854
leader,414843,3.43344193,46.33934779
leader,415443,3.43344136,46.33934764
leader,415843,3.43344169,46.33934744
leader,416343,3.43344209,46.33934814
leader,416843,3.43344585,46.33934881
leader,417343,3.43344929,46.33934987
leader,417843,3.43345237,46.33935120
leader,418343,3.43345510,46.33935297
leader,418743,3.43345771,46.33935481
leader,419243,3.43345979,46.33935654
leader,419843,3.43346260,46.33935889
leader,420343,3.43346320,46.33936024
leader,420843,3.43346312,46.33936036
leader,421343,3.43346412,46.33936042
leader,421743,3.43346331,46.33936039
leader,422243,3.43346175,46.33935824
leader,422743,3.43346019,46.33935556
leader,423143,3.43345843,46.33935432
leader,423643,3.43345728,46.33935136
leader,424143,3.43345575,46.33934909
leader,424643,3.43345461,46.33934613
leader,425143,3.43345392,46.33934357
leader,425643,3.43345323,46.33934085
leader,426143,3.43345294,46.33933804
leader,426543,3.43345349,46.33933572
leader,427043,3.43345360,46.33933297
leader,427543,3.43345503,46.33933044
leader,428043,3.43345621,46.33932771
leader,428643,3.43345742,46.33932457
leader,429043,3.43345891,46.33932260
leader,429443,3.43346061,46.33932116
leader,430043,3.43346269,46.33931829
leader,430443,3.43346431,46.33931626
leader,430943,3.43346815,46.33931308
leader,431343,3.43347188,46.33930875
leader,431843,3.43347836,46.33930366
leader,432443,3.43348564,46.33929750
leader,432843,3.43349050,46.33929341
leader,433443,3.43349800,46.33928713
leader,433943,3.43350364,46.33928208
leader,434343,3.43350809,46.33927807
leader,434843,3.43351288,46.33927285
leader,435343,3.43351841,46.33926806
leader,435843,3.43352304,46.33926384
leader,436243,3.43352707,46.33925971
leader,436743,3.43353169,46.33925541
leader,437143,3.43353555,46.33925156
leader,437643,3.43353986,46.33924725
leader,438243,3.43354592,46.33924192
leader,438743,3.43355025,46.33923766
leader,439243,3.43355390,46.33923358
leader,439843,3.43355910,46.33922864
leader,440243,3.43356247,46.33922517
leader,440743,3.43356631,46.33922161
leader,441343,3.43357075,46.33921682
leader,441843,3.43357494,46.33921283
leader,442343,3.43357859,46.33920880
leader,442943,3.43358296,46.33920398
leader,443443,3.43358718,46.33919932
leader,443943,3.43359121,46.33919449
leader,444343,3.43359536,46.33919082
leader,444943,3.43360065,46.33918448
leader,445443,3.43360550,46.33918007
leader,446043,3.43361049,46.33917400
leader,446543,3.43361611,46.33916851
leader,447043,3.43362063,46.33916335
leader,447543,3.43362578,46.33915791
leader,448043,3.43363111,46.33915243
leader,448643,3.43363732,46.33914591
leader,449143,3.43364253,46.33914042
leader,449643,3.43364740,46.33913514
leader,450243,3.43365384,46.33912821
leader,450843,3.43366023,46.33912180
leader,451343,3.43366582,46.33911612
leader,451843,3.43367152,46.33911066
leader,452343,3.43367137,46.33911075
leader,452943,3.43367132,46.33911101
leader,453343,3.43367144,46.33911087
leader,453843,3.43367133,46.33911078
leader,454443,3.43367131,46.33911066
leader,454943,3.43367163,46.33911082
leader,455643,3.43367123,46.33911073
leader,456143,3.43367136,46.33911055
leader,456743,3.43367118,46.33911078
leader,457343,3.43367131,46.33911087
leader,457943,3.43367158,46.33911038
leader,458443,3.43367137,46.33911085
leader,458943,3.43367170,46.33911068
leader,459443,3.43367160,46.33911110
leader,459943,3.43367126,46.33911081
leader,460443,3.43367154,46.33911053
leader,460943,3.43367166,46.33911073
leader,461343,3.43367171,46.33911063
leader,461843,3.43367129,46.33911091
leader,462343,3.43367115,46.33911109
leader,462743,3.43367163,46.33911089
leader,463243,3.43367100,46.33911103
leader,463743,3.43367139,46.33911076
leader,464243,3.43367184,46.33911108
leader,464743,3.43367137,46.33911099
leader,465343,3.43367140,46.33911074
leader,465743,3.43367089,46.33911090
leader,466243,3.43367131,46.33911079
leader,466743,3.43367165,46.33911104
leader,467143,3.43367117,46.33911078
leader,467643,3.43367098,46.33911095
leader,468143,3.43367114,46.33911064
leader,468643,3.43367150,46.33911072
leader,469043,3.43367077,46.33911059
leader,469543,3.43367154,46.33911105
leader,470043,3.43367117,46.33911130
leader,470543,3.43367165,46.33911086
leader,470943,3.43367162,46.33911082
leader,471443,3.43367174,46.33911073
leader,471943,3.43367137,46.33911060
leader,472343,3.43367107,46.33911062
leader,472743,3.43367144,46.33911065
leader,473243,3.43367078,46.33911085
leader,473743,3.43367133,46.33911074
leader,474243,3.43367143,46.33911094
leader,474643,3.43367141,46.33911082
leader,475043,3.43367106,46.33911104
leader,475443,3.43367222,46.33911027
leader,475943,3.43367726,46.33910503
leader,476443,3.43368270,46.33909942
leader,476943,3.43368746,46.33909401
leader,477443,3.43369212,46.33908837
leader,477943,3.43369539,46.33908467
leader,478443,3.43369730,46.33908207
leader,478843,3.43369822,46.33907991
leader,479343,3.43369895,46.33907726
leader,479843,3.43369980,46.33907504
leader,480343,3.43369923,46.33907223
leader,480743,3.43369933,46.33906993
leader,481243,3.43369854,46.33906759
leader,481743,3.43369826,46.33906465
leader,482143,3.43369715,46.33906246
leader,482643,3.43369558,46.33906012
leader,483043,3.43369382,46.33905815
leader,483543,3.43369256,46.33905559
leader,484043,3.43369049,46.33905344
leader,484543,3.43368860,46.33905092
leader,484943,3.43368861,46.33905148
leader,485343,3.43368859,46.33905142
leader,485843,3.43368853,46.33905165
leader,486443,3.43368854,46.33905143
leader,487043,3.43368890,46.33905174
leader,487743,3.43369107,46.33905339
leader,488343,3.43369469,46.33905542
leader,488943,3.43369792,46.33905793
leader,489543,3.43370199,46.33905956
leader,490043,3.43370596,46.33906045
leader,490643,3.43370964,46.33906151
leader,491143,3.43371254,46.33906161
leader,491843,3.43371245,46.33906213
leader,492343,3.43371222,46.33906157
leader,492943,3.43370832,46.33906123
leader,493443,3.43370403,46.33906097
leader,494043,3.43369970,46.33906050
leader,494543,3.43369588,46.33906060
leader,495143,3.43369103,46.33906093
leader,495743,3.43368629,46.33906174
leader,496343,3.43368261,46.33906216
leader,496843,3.43367829,46.33906310
leader,497443,3.43367461,46.33906479
leader,497943,3.43367129,46.33906612
leader,498443,3.43366807,46.33906775
leader,499143,3.43366393,46.33906981
leader,499743,3.43366026,46.33907226
leader,500343,3.43365745,46.33907492
leader,500843,3.43365581,46.33907679
leader,501443,3.43365234,46.33907968
leader,501943,3.43364983,46.33908273
leader,502543,3.43364508,46.33908766
leader,503043,3.43364138,46.33909296
leader,503543,3.43363804,46.33909842
leader,504043,3.43363437,46.33910302
leader,504443,3.43363184,46.33910654
leader,505043,3.43362902,46.33911155
leader,505543,3.43362640,46.33911502
leader,506043,3.43362432,46.33911833
leader,506643,3.43362134,46.33912146
leader,507143,3.43361897,46.33912461
leader,507543,3.43361744,46.33912631
leader,508043,3.43361500,46.33912908
leader,508543,3.43361262,46.33913182
leader,508943,3.43360982,46.33913342
leader,509543,3.43360726,46.33913710
leader,509943,3.43360446,46.33913903
leader,510443,3.43360158,46.33914145
leader,510843,3.43359989,46.33914418
leader,511243,3.43359713,46.33914607
leader,511743,3.43359243,46.33914911
leader,512243,3.43358901,46.33915308
leader,512643,3.43358519,46.33915623
leader,513143,3.43357968,46.33916066
leader,513643,3.43357478,46.33916534
leader,514143,3.43356940,46.33917059
leader,514643,3.43356364,46.33917598
leader,515043,3.43355844,46.33918049
leader,515643,3.43355267,46.33918699
leader,516143,3.43354679,46.33919267
leader,516743,3.43354026,46.33919944
leader,517243,3.43353428,46.33920530
leader,517743,3.43352909,46.33921093
leader,518243,3.43352337,46.33921634
leader,518643,3.43351917,46.33922082
leader,519043,3.43351432,46.33922520
leader,519543,3.43350938,46.33923092
leader,520043,3.43350340,46.33923626
leader,520443,3.43349861,46.33924102
leader,520843,3.43349408,46.33924532
leader,521443,3.43348692,46.33925223
leader,521943,3.43348136,46.33925816
leader,522443,3.43347559,46.33926373
leader,522843,3.43347082,46.33926872
leader,523343,3.43346495,46.33927434
leader,523843,3.43345887,46.33928028
leader,524443,3.43345218,46.33928720
leader,524843,3.43345100,46.33928817
leader,525243,3.43345212,46.33928827
leader,525743,3.43345145,46.33928822
leader,526343,3.43345154,46.33928836
leader,526743,3.43345146,46.33928835
leader,527243,3.43345174,46.33928830
leader,527743,3.43345100,46.33928802
leader,528243,3.43345147,46.33928834
leader,528743,3.43345178,46.33928854
leader,529343,3.43345160,46.33928835
leader,529843,3.43345160,46.33928856
leader,530243,3.43345176,46.33928815
leader,530843,3.43345167,46.33928824
leader,531343,3.43345148,46.33928821
leader,531843,3.43345146,46.33928827
leader,532443,3.43345085,46.33928831
leader,532943,3.43345162,46.33928812
leader,533443,3.43345127,46.33928857
leader,534043,3.43345126,46.33928830
leader,534543,3.43345146,46.33928839
leader,535043,3.43345132,46.33928785
leader,535643,3.43345140,46.33928806
leader,536143,3.43345128,46.33928803
leader,536743,3.43345140,46.33928835
leader,537343,3.43345133,46.33928808
leader,537843,3.43345115,46.33928818
leader,538443,3.43345174,46.33928801
leader,538943,3.43345098,46.33928815
leader,539443,3.43345124,46.33928791
leader,539943,3.43345157,46.33928815
leader,540443,3.43345177,46.33928817
leader,541043,3.43345175,46.33928804
leader,541443,3.43345162,46.33928810
leader,542043,3.43345184,46.33928828
leader,542543,3.43345175,46.33928835
leader,543043,3.43345158,46.33928809
leader,543543,3.43345126,46.33928794
leader,544043,3.43345193,46.33928776
leader,544543,3.43345163,46.33928813
leader,545143,3.43345143,46.33928818
leader,545643,3.43345170,46.33928800
leader,546143,3.43345169,46.33928826
leader,546843,3.43345170,46.33928806
leader,547343,3.43344849,46.33929103
leader,547843,3.43344290,46.33929706
leader,548443,3.43343532,46.33930407
leader,548943,3.43343135,46.33930711
leader,549443,3.43342850,46.33930925
leader,550043,3.43342516,46.33931132
leader,550543,3.43342228,46.33931271
leader,550943,3.43341984,46.33931419
leader,551543,3.43341511,46.33931528
leader,552043,3.43341112,46.33931674
leader,552543,3.43340788,46.33931738
leader,552943,3.43340478,46.33931802
leader,553443,3.43340109,46.33931862
leader,553943,3.43339708,46.33931893
leader,554343,3.43339400,46.33931891
leader,555043,3.43338879,46.33931806
leader,555743,3.43338349,46.33931763
leader,556243,3.43338157,46.33931779
leader,556743,3.43338173,46.33931757
leader,557143,3.43338222,46.33931748
leader,557643,3.43338270,46.33931792
leader,558143,3.43338212,46.33931770
leader,558543,3.43338515,46.33931834
leader,558943,3.43338796,46.33931917
leader,559443,3.43339109,46.33932029
leader,559943,3.43339478,46.33932181
leader,560343,3.43339674,46.33932295
leader,560943,3.43339941,46.33932507
leader,561443,3.43340264,46.33932706
leader,561943,3.43340426,46.33932906
leader,562443,3.43340560,46.33933039
leader,562843,3.43340536,46.33933061
leader,563343,3.43340564,46.33933058
leader,563843,3.43340397,46.33932856
leader,564343,3.43340196,46.33932614
leader,564843,3.43340044,46.33932379
leader,565343,3.43339825,46.33932043
leader,565743,3.43339760,46.33931807
leader,566243,3.43339602,46.33931558
leader,566743,3.43339549,46.33931302
leader,567143,3.43339494,46.33931110
leader,567643,3.43339506,46.33930799
leader,568043,3.43339551,46.33930585
leader,568543,3.43339576,46.33930334
leader,569143,3.43339679,46.33930027
leader,569543,3.43339745,46.33929798
leader,570043,3.43339903,46.33929566
leader,570443,3.43340047,46.33929325
leader,570943,3.43340205,46.33929101
leader,571343,3.43340406,46.33928919
leader,571843,3.43340524,46.33928664
leader,572343,3.43340844,46.33928334
leader,572843,3.43341385,46.33927935
leader,573343,3.43342024,46.33927411
leader,573743,3.43342494,46.33927015
leader,574243,3.43343092,46.33926419
leader,574643,3.43343597,46.33926021
leader,575143,3.43344151,46.33925485
leader,575543,3.43344643,46.33925027
leader,576043,3.43345202,46.33924497
leader,576443,3.43345605,46.33924108
leader,576943,3.43346195,46.33923588
leader,577443,3.43346669,46.33923025
leader,577943,3.43347173,46.33922625
leader,578443,3.43347703,46.33922141
leader,579143,3.43348349,46.33921481
leader,579643,3.43348799,46.33921084
leader,580243,3.43349316,46.33920538
leader,580743,3.43349821,46.33920134
leader,581143,3.43350103,46.33919820
leader,581643,3.43350534,46.33919375
leader,582143,3.43350984,46.33918988
leader,582643,3.43351353,46.33918554
leader,583243,3.43351858,46.33918077
leader,583843,3.43352302,46.33917570
leader,584343,3.43352691,46.33917245
leader,584943,3.43353149,46.33916720
leader,585443,3.43353533,46.33916311
leader,585943,3.43353962,46.33915934
leader,586543,3.43354430,46.33915438
leader,587143,3.43354901,46.33914974
leader,587643,3.43355341,46.33914572
leader,588243,3.43355793,46.33914122
leader,588843,3.43356280,46.33913599
leader,589443,3.43356745,46.33913089
leader,589943,3.43357050,46.33912709
leader,590543,3.43357570,46.33912193
leader,591043,3.43357983,46.33911766
leader,591543,3.43358346,46.33911346
leader,592143,3.43358866,46.33910759
leader,592643,3.43359299,46.33910325
leader,593243,3.43359329,46.33910293
leader,593743,3.43359309,46.33910301
leader,594243,3.43359305,46.33910286
leader,594843,3.43359327,46.33910274
leader,595443,3.43359316,46.33910305
leader,595943,3.43359339,46.33910317
leader,596543,3.43359296,46.33910297
leader,597043,3.43359296,46.33910295
leader,597443,3.43359330,46.33910296
leader,598143,3.43359323,46.33910281
leader,598743,3.43359289,46.33910283
leader,599243,3.43359254,46.33910316
leader,599743,3.43359320,46.33910313
leader,600343,3.43359327,46.33910278
leader,600843,3.43359295,46.33910304
leader,601243,3.43359283,46.33910294
leader,601743,3.43359339,46.33910296
leader,602243,3.43359323,46.33910285
leader,602643,3.43359321,46.33910295
leader,603143,3.43359365,46.33910315
leader,603643,3.43359279,46.33910295
leader,604143,3.43359334,46.33910306
leader,604543,3.43359263,46.33910288
leader,605143,3.43359278,46.33910338
leader,605543,3.43359331,46.33910279
leader,606043,3.43359304,46.33910319
leader,606543,3.43359324,46.33910306
leader,607043,3.43359331,46.33910307
leader,607443,3.43359319,46.33910307
leader,607943,3.43359319,46.33910291
leader,608443,3.43359330,46.33910301
leader,608943,3.43359313,46.33910326
leader,609443,3.43359295,46.33910287
leader,609943,3.43359292,46.33910317
leader,610343,3.43359320,46.33910314
leader,610943,3.43359283,46.33910310
leader,611443,3.43359336,46.33910311
leader,611943,3.43359242,46.33910302
leader,612443,3.43359289,46.33910333
leader,612943,3.43359297,46.33910355
leader,613343,3.43359372,46.33910336
leader,613743,3.43359271,46.33910303
leader,614243,3.43359252,46.33910292
leader,614643,3.43359273,46.33910321
leader,615143,3.43359301,46.33910301
leader,615543,3.43359292,46.33910295
leader,616043,3.43359267,46.33910304
leader,616443,3.43359299,46.33910321
leader,616843,3.43359317,46.33910330
leader,617243,3.43359308,46.33910322
leader,617743,3.43359318,46.33910303
leader,618243,3.43359323,46.33910281
leader,618743,3.43359287,46.33910329
leader,619143,3.43359288,46.33910303
leader,619643,3.43359295,46.33910287
leader,620143,3.43359258,46.33910289
leader,620643,3.43359322,46.33910299
leader,621043,3.43359257,46.33910294
leader,621543,3.43359244,46.33910324
leader,621943,3.43359291,46.33910307
leader,622343,3.43359309,46.33910301
leader,622743,3.43359292,46.33910340
leader,623243,3.43359285,46.33910304
leader,623743,3.43359264,46.33910297
leader,624143,3.43359357,46.33910327
leader,624543,3.43359325,46.33910336
leader,625043,3.43359276,46.33910338
leader,625543,3.43359313,46.33910306
leader,625943,3.43359308,46.33910300
leader,626443,3.43359279,46.33910304
leader,626943,3.43359291,46.33910325
leader,627443,3.43359283,46.33910294
leader,627943,3.43359350,46.33910327
leader,628443,3.43359299,46.33910300
leader,628843,3.43359332,46.33910317
leader,629343,3.43359272,46.33910324
leader,629943,3.43359269,46.33910323
leader,630443,3.43359305,46.33910266
leader,630843,3.43359292,46.33910310
leader,631443,3.43359275,46.33910299
leader,632043,3.43359311,46.33910328
leader,632543,3.43359292,46.33910276
leader,633043,3.43359328,46.33910314
leader,633543,3.43359338,46.33910327
leader,634143,3.43359324,46.33910293
leader,634743,3.43359362,46.33910341
leader,635243,3.43359329,46.33910297
leader,635743,3.43359328,46.33910284
leader,636243,3.43359324,46.33910284
leader,636743,3.43359367,46.33910300
leader,637243,3.43359313,46.33910308
leader,637843,3.43359296,46.33910318
leader,638343,3.43359258,46.33910296
leader,638843,3.43359318,46.33910299
leader,639443,3.43359307,46.33910337
leader,639943,3.43359310,46.33910302
leader,640443,3.43359339,46.33910297
leader,641043,3.43359295,46.33910300
leader,641543,3.43359331,46.33910292
leader,642043,3.43359288,46.33910337
leader,642543,3.43359330,46.33910324
leader,643043,3.43359256,46.33910329
leader,643643,3.43359262,46.33910285
leader,644143,3.43359321,46.33910350
leader,644643,3.43359302,46.33910324
leader,645143,3.43359293,46.33910343
leader,645543,3.43359348,46.33910283
leader,646143,3.43359244,46.33910339
leader,646643,3.43359299,46.33910314
leader,647243,3.43359312,46.33910323
leader,647843,3.43359260,46.33910312
leader,648343,3.43359293,46.33910338
leader,648843,3.43359302,46.33910320
leader,649243,3.43359315,46.33910324
leader,649743,3.43359332,46.33910279
leader,650243,3.43359313,46.33910303
leader,650743,3.43359304,46.33910325
leader,651143,3.43359283,46.33910303
leader,651543,3.43359316,46.33910296
leader,652043,3.43359327,46.33910308
leader,652543,3.43359291,46.33910283
leader,653043,3.43359310,46.33910326
leader,653443,3.43359301,46.33910324
leader,653943,3.43359274,46.33910319
leader,654443,3.43359317,46.33910320
leader,654843,3.43359302,46.33910308
leader,655343,3.43359297,46.33910293
leader,655843,3.43359254,46.33910343
leader,656243,3.43359294,46.33910298
leader,656843,3.43359295,46.33910308
leader,657243,3.43359368,46.33910335
leader,657843,3.43359315,46.33910356
leader,658243,3.43359304,46.33910333
leader,658843,3.43359306,46.33910293
leader,659343,3.43359299,46.33910301
leader,659843,3.43359280,46.33910316
leader,660443,3.43359277,46.33910321
leader,660843,3.43359309,46.33910299
leader,661343,3.43359290,46.33910305
leader,661743,3.43359327,46.33910315
leader,662243,3.43359350,46.33910280
leader,662643,3.43359297,46.33910285
leader,663143,3.43359304,46.33910289
leader,663543,3.43359286,46.33910338
leader,664043,3.43359296,46.33910332
leader,664443,3.43359291,46.33910312
leader,664943,3.43359303,46.33910304
leader,665443,3.43359311,46.33910294
leader,665943,3.43359307,46.33910296
leader,666343,3.43359271,46.33910329
leader,666843,3.43359274,46.33910300
leader,667343,3.43359251,46.33910334
leader,667843,3.43359288,46.33910309
leader,668343,3.43359360,46.33910271
leader,668843,3.43359311,46.33910313
leader,669343,3.43359276,46.33910317
leader,669943,3.43359293,46.33910319
leader,670443,3.43359276,46.33910314
leader,670943,3.43359304,46.33910346
leader,671343,3.43359323,46.33910283
leader,671843,3.43359292,46.33910316
leader,672243,3.43359330,46.33910298
leader,672743,3.43359305,46.33910285
leader,673343,3.43359292,46.33910295
leader,673843,3.43359342,46.33910350
leader,674343,3.43359334,46.33910308
leader,674843,3.43359337,46.33910325
leader,675243,3.43359302,46.33910313
leader,675643,3.43359296,46.33910330
leader,676143,3.43359290,46.33910316
leader,676543,3.43359283,46.33910348
leader,676943,3.43359320,46.33910346
leader,677443,3.43359281,46.33910312
leader,678043,3.43359291,46.33910295
leader,678543,3.43359296,46.33910325
leader,679143,3.43359276,46.33910311
leader,679843,3.43359283,46.33910292
leader,680443,3.43359354,46.33910306
leader,681043,3.43359300,46.33910311
leader,681543,3.43359311,46.33910312
leader,682143,3.43359287,46.33910322
leader,682743,3.43359326,46.33910321
leader,683243,3.43359322,46.33910307
leader,683843,3.43359293,46.33910332
leader,684443,3.43359302,46.33910320
leader,684943,3.43359304,46.33910307
leader,687043,3.43359309,46.33910314
leader,687743,3.43359297,46.33910284
leader,688243,3.43359329,46.33910295
leader,688743,3.43359268,46.33910328
leader,689443,3.43359283,46.33910315
leader,689943,3.43359355,46.33910311
leader,690543,3.43359279,46.33910334
leader,691243,3.43359326,46.33910316
leader,691743,3.43359320,46.33910356
leader,692243,3.43359324,46.33910325
leader,692843,3.43359311,46.33910296
leader,693443,3.43359285,46.33910305
leader,693943,3.43359314,46.33910329
leader,694543,3.43359262,46.33910280
leader,694943,3.43359321,46.33910305
leader,695543,3.43359338,46.33910299
leader,696043,3.43359315,46.33910304
leader,696543,3.43359316,46.33910287
leader,697043,3.43359305,46.33910334
leader,697643,3.43359284,46.33910320
leader,698043,3.43359322,46.33910308
leader,698643,3.43359333,46.33910311
leader,699143,3.43359349,46.33910329
leader,699543,3.43359273,46.33910314
leader,700043,3.43359299,46.33910322
leader,700543,3.43359316,46.33910287
leader,700943,3.43359313,46.33910291
leader,701343,3.43359306,46.33910309
leader,701943,3.43359304,46.33910286
leader,702343,3.43359314,46.33910337
leader,702843,3.43359345,46.33910322
leader,703343,3.43359301,46.33910336
leader,703843,3.43359297,46.33910325
leader,704343,3.43359324,46.33910299
leader,704743,3.43359294,46.33910330
leader,705243,3.43359320,46.33910302
leader,705743,3.43359303,46.33910276
leader,706143,3.43359314,46.33910322
leader,706543,3.43359281,46.33910294
leader,707143,3.43359260,46.33910327
leader,707643,3.43359304,46.33910306
leader,708143,3.43359322,46.33910313
leader,708543,3.43359288,46.33910317
leader,709043,3.43359281,46.33910300
leader,709543,3.43359260,46.33910334
leader,710043,3.43359322,46.33910306
leader,710443,3.43359252,46.33910329
leader,710943,3.43359303,46.33910305
leader,711243,3.43359233,46.33910309
leader,711743,3.43359326,46.33910314
leader,712243,3.43359310,46.33910313
leader,712643,3.43359322,46.33910320
leader,713143,3.43359308,46.33910296
leader,713543,3.43359272,46.33910307
leader,714143,3.43359306,46.33910298
leader,714743,3.43359296,46.33910307
leader,715143,3.43359328,46.33910329
leader,715643,3.43359297,46.33910313
leader,716043,3.43359304,46.33910294
leader,716443,3.43359296,46.33910357
leader,716943,3.43359363,46.33910302
leader,717343,3.43359289,46.33910304
leader,717843,3.43359322,46.33910301
leader,718343,3.43359301,46.33910324
leader,718843,3.43359302,46.33910349
leader,719243,3.43359301,46.33910324
leader,720543,3.43359330,46.33910288
leader,721143,3.43359310,46.33910268
leader,721543,3.43359292,46.33910298
leader,722043,3.43359309,46.33910302
leader,722443,3.43359288,46.33910283
leader,722943,3.43359282,46.33910314
leader,723343,3.43359299,46.33910315
leader,723843,3.43359276,46.33910328
leader,724243,3.43359322,46.33910315
leader,724743,3.43359270,46.33910300
leader,725243,3.43359324,46.33910310
leader,725743,3.43359288,46.33910277
leader,726243,3.43359312,46.33910290
leader,726743,3.43359323,46.33910285
leader,727243,3.43359280,46.33910307
leader,727743,3.43359325,46.33910332
leader,728343,3.43359302,46.33910307
leader,728843,3.43359363,46.33910327
leader,729343,3.43359369,46.33910325
leader,729843,3.43359323,46.33910282
leader,730343,3.43359310,46.33910296
leader,730943,3.43359318,46.33910324
leader,731443,3.43359321,46.33910302
leader,731943,3.43359290,46.33910311
leader,732443,3.43359329,46.33910310
leader,732943,3.43359283,46.33910350
leader,733443,3.43359307,46.33910300
leader,733843,3.43359317,46.33910279
leader,734443,3.43359282,46.33910301
leader,734943,3.43359301,46.33910315
leader,735443,3.43359351,46.33910312
leader,736043,3.43359282,46.33910293
leader,736543,3.43359278,46.33910357
leader,737143,3.43359330,46.33910346
leader,737743,3.43359322,46.33910320
leader,738343,3.43359340,46.33910307
leader,738943,3.43359282,46.33910302
leader,739543,3.43359261,46.33910321
leader,740043,3.43359321,46.33910297
leader,740643,3.43359269,46.33910329
leader,741143,3.43359261,46.33910321
leader,741643,3.43359294,46.33910305
leader,742443,3.43359323,46.33910331
leader,743043,3.43359373,46.33910300
leader,743543,3.43359317,46.33910341
leader,744043,3.43359304,46.33910322
leader,744543,3.43359329,46.33910326
leader,744943,3.43359277,46.33910282
leader,745443,3.43359292,46.33910314
leader,745943,3.43359305,46.33910315
leader,746343,3.43359265,46.33910325
leader,746843,3.43359318,46.33910305
leader,747343,3.43359260,46.33910333
leader,747743,3.43359293,46.33910303
leader,748243,3.43359309,46.33910291
leader,748743,3.43359329,46.33910299
leader,749243,3.43359333,46.33910267
leader,749743,3.43359288,46.33910310
leader,750243,3.43359280,46.33910336
leader,750843,3.43359371,46.33910300
leader,751343,3.43359343,46.33910323
leader,751843,3.43359308,46.33910302
leader,752443,3.43359295,46.33910300
leader,752843,3.43359318,46.33910349
leader,753243,3.43359328,46.33910347
leader,753743,3.43359295,46.33910285
leader,754243,3.43359265,46.33910317
leader,754743,3.43359303,46.33910284
leader,755343,3.43359338,46.33910299
leader,755743,3.43359298,46.33910321
leader,756243,3.43359315,46.33910279
leader,756643,3.43359317,46.33910341
leader,757243,3.43359286,46.33910310
leader,757743,3.43359299,46.33910310
leader,758243,3.43359276,46.33910312
leader,758743,3.43359333,46.33910322
leader,759143,3.43359347,46.33910294
leader,759543,3.43359315,46.33910315
leader,760143,3.43359277,46.33910308
leader,760643,3.43359325,46.33910316
leader,761143,3.43359303,46.33910272
leader,761543,3.43359280,46.33910280
leader,762043,3.43359319,46.33910293
leader,762443,3.43359313,46.33910332
leader,762943,3.43359368,46.33910289
leader,763343,3.43359315,46.33910299
leader,763743,3.43359272,46.33910290
leader,764243,3.43359286,46.33910313
leader,764843,3.43359280,46.33910294
leader,765443,3.43359331,46.33910337
leader,766243,3.43359306,46.33910287
leader,766943,3.43359363,46.33910293
leader,767543,3.43359310,46.33910273
leader,768043,3.43359307,46.33910299
leader,768743,3.43359305,46.33910288
leader,769443,3.43359282,46.33910296
leader,770043,3.43359310,46.33910281
leader,770743,3.43359298,46.33910298
leader,771343,3.43359320,46.33910315
leader,771943,3.43359339,46.33910269
leader,772543,3.43359266,46.33910330
leader,773043,3.43359290,46.33910282
leader,773543,3.43359314,46.33910294
leader,774143,3.43359333,46.33910303
leader,774643,3.43359342,46.33910295
leader,775143,3.43359293,46.33910309
leader,775843,3.43359296,46.33910298
leader,776443,3.43359345,46.33910311
leader,776943,3.43359318,46.33910303
leader,777743,3.43359245,46.33910287
leader,779043,3.43359270,46.33910306
leader,779943,3.43359313,46.33910261
leader,780843,3.43359305,46.33910303
leader,781543,3.43359307,46.33910294
leader,782443,3.43359350,46.33910291
leader,783343,3.43359289,46.33910331
leader,784243,3.43359341,46.33910310
leader,784943,3.43359348,46.33910320
leader,785943,3.43359303,46.33910321
leader,786743,3.43359369,46.33910295
leader,787443,3.43359309,46.33910286
leader,788343,3.43359314,46.33910314
leader,789243,3.43359315,46.33910292
leader,790043,3.43359272,46.33910281
leader,790743,3.43359301,46.33910272
leader,791343,3.43359351,46.33910319
leader,791943,3.43359347,46.33910293
leader,792543,3.43359275,46.33910289
leader,793143,3.43359310,46.33910294
leader,793643,3.43359327,46.33910292
leader,794143,3.43359289,46.33910331
leader,794743,3.43359320,46.33910284
leader,795343,3.43359340,46.33910318
leader,795943,3.43359318,46.33910307
leader,796443,3.43359293,46.33910276
leader,797043,3.43359327,46.33910323
leader,797643,3.43359248,46.33910304
leader,798143,3.43359330,46.33910289
leader,798943,3.43359297,46.33910276
leader,799643,3.43359318,46.33910277
leader,800243,3.43359305,46.33910308
leader,800943,3.43359336,46.33910334
leader,801543,3.43359282,46.33910306
leader,802043,3.43359353,46.33910304
leader,802643,3.43359327,46.33910322
leader,803043,3.43359325,46.33910318
leader,803843,3.43359385,46.33910299
leader,804543,3.43359312,46.33910303
leader,806043,3.43359284,46.33910309
leader,807143,3.43359363,46.33910302
leader,807743,3.43359307,46.33910306
leader,808243,3.43359286,46.33910300
leader,808743,3.43359306,46.33910261
leader,809243,3.43359328,46.33910279
leader,809743,3.43359306,46.33910269
leader,810443,3.43359297,46.33910292
leader,811043,3.43359306,46.33910301
leader,811543,3.43359313,46.33910317
leader,812143,3.43359320,46.33910302
leader,812643,3.43359310,46.33910297
leader,813143,3.43359300,46.33910284
leader,813543,3.43359279,46.33910266
leader,814043,3.43359330,46.33910305
leader,814543,3.43359316,46.33910308
leader,814943,3.43359331,46.33910327
leader,815443,3.43359299,46.33910309
leader,815943,3.43359269,46.33910299
leader,816343,3.43359330,46.33910264
leader,816943,3.43359331,46.33910296
leader,817443,3.43359271,46.33910312
leader,817843,3.43359296,46.33910297
leader,818443,3.43359335,46.33910297
leader,818843,3.43359332,46.33910318
leader,819343,3.43359321,46.33910264
leader,819743,3.43359322,46.33910315
leader,820243,3.43359344,46.33910249
leader,820743,3.43359311,46.33910322
leader,821243,3.43359323,46.33910271
leader,821743,3.43359298,46.33910305
leader,822243,3.43359258,46.33910325
leader,822743,3.43359294,46.33910259
leader,823343,3.43359361,46.33910302
leader,823843,3.43359366,46.33910274
leader,824343,3.43359306,46.33910297
leader,824843,3.43359311,46.33910304
leader,825343,3.43359358,46.33910311
leader,825843,3.43359353,46.33910276
leader,826343,3.43359321,46.33910274
leader,826943,3.43359279,46.33910318
leader,827443,3.43359355,46.33910284
leader,827943,3.43359284,46.33910310
leader,828543,3.43359284,46.33910302
leader,829043,3.43359284,46.33910268
leader,829543,3.43359342,46.33910262
leader,830143,3.43359312,46.33910289
leader,830643,3.43359314,46.33910274
leader,831143,3.43359330,46.33910293
leader,831743,3.43359365,46.33910280
leader,832243,3.43359280,46.33910290
leader,832843,3.43359318,46.33910286
leader,833343,3.43359324,46.33910286
leader,833843,3.43359379,46.33910297
leader,834443,3.43359343,46.33910296
leader,835043,3.43359341,46.33910329
leader,835443,3.43359280,46.33910275
leader,835943,3.43359345,46.33910304
leader,836543,3.43359273,46.33910307
leader,836943,3.43359342,46.33910279
leader,837543,3.43359283,46.33910322
leader,838043,3.43359303,46.33910327
leader,838643,3.43359311,46.33910284
leader,839143,3.43359355,46.33910299
leader,839743,3.43359324,46.33910300
leader,840243,3.43359345,46.33910304
leader,840843,3.43359261,46.33910306
leader,841343,3.43359321,46.33910241
leader,841843,3.43359335,46.33910262
leader,842243,3.43359289,46.33910287
leader,842843,3.43359323,46.33910269
leader,843243,3.43359289,46.33910284
leader,843743,3.43359359,46.33910310
leader,844143,3.43359370,46.33910295
leader,844743,3.43359337,46.33910302
leader,845143,3.43359319,46.33910301
leader,845543,3.43359373,46.33910303
leader,846043,3.43359319,46.33910290
leader,846543,3.43359299,46.33910313
leader,846943,3.43359321,46.33910273
leader,847543,3.43359362,46.33910301
leader,848043,3.43359305,46.33910289
leader,848543,3.43359358,46.33910285
leader,849043,3.43359296,46.33910283
leader,849643,3.43359334,46.33910296
leader,850143,3.43359329,46.33910295
leader,850843,3.43359351,46.33910296
leader,851343,3.43359350,46.33910241
leader,851843,3.43359358,46.33910262
leader,852343,3.43359344,46.33910260
leader,852843,3.43359357,46.33910306
leader,853243,3.43359328,46.33910293
leader,853843,3.43359346,46.33910285
leader,854343,3.43359352,46.33910274
leader,854843,3.43359304,46.33910297
leader,855343,3.43359327,46.33910271
leader,855743,3.43359311,46.33910278
leader,856243,3.43359366,46.33910292
leader,856643,3.43359311,46.33910317
leader,857143,3.43359282,46.33910294
leader,857643,3.43359259,46.33910301
leader,858143,3.43359319,46.33910280
leader,858643,3.43359332,46.33910279
leader,859143,3.43359340,46.33910274
leader,859543,3.43359314,46.33910266
leader,860043,3.43359301,46.33910294
leader,860543,3.43359290,46.33910282
leader,861043,3.43359326,46.33910274
leader,861543,3.43359302,46.33910261
leader,862043,3.43359332,46.33910295
leader,862443,3.43359277,46.33910303
leader,862843,3.43359333,46.33910275
leader,863343,3.43359372,46.33910269
leader,863843,3.43359329,46.33910274
leader,864343,3.43359345,46.33910287
leader,864743,3.43359355,46.33910292
leader,865343,3.43359327,46.33910295
leader,865843,3.43359288,46.33910277
leader,866243,3.43359258,46.33910268
leader,866843,3.43359314,46.33910285
leader,867243,3.43359339,46.33910268
leader,867643,3.43359251,46.33910338
leader,868143,3.43359306,46.33910271
leader,868643,3.43359292,46.33910273
leader,869043,3.43359347,46.33910280
leader,869543,3.43359328,46.33910264
leader,869943,3.43359330,46.33910284
leader,870343,3.43359298,46.33910284
leader,870743,3.43359306,46.33910270
leader,871143,3.43359295,46.33910283
leader,871943,3.43359286,46.33910295
leader,872443,3.43359333,46.33910274
leader,873043,3.43359350,46.33910291
leader,873543,3.43359340,46.33910304
leader,874043,3.43359363,46.33910296
leader,874543,3.43359340,46.33910310
leader,875043,3.43359315,46.33910299
leader,875443,3.43359352,46.33910316
leader,875943,3.43359288,46.33910268
leader,876543,3.43359362,46.33910295
leader,876943,3.43359340,46.33910276
leader,877443,3.43359327,46.33910250
leader,878043,3.43359340,46.33910294
leader,878543,3.43359303,46.33910260
leader,879043,3.43359312,46.33910279
leader,879643,3.43359357,46.33910288
leader,880243,3.43359352,46.33910302
leader,880743,3.43359319,46.33910270
leader,881343,3.43359340,46.33910259
leader,881843,3.43359353,46.33910247
leader,882343,3.43359314,46.33910311
leader,882943,3.43359348,46.33910263
leader,883443,3.43359320,46.33910273
leader,884043,3.43359332,46.33910320
leader,884643,3.43359369,46.33910282
leader,885143,3.43359330,46.33910278
leader,885643,3.43359331,46.33910303
leader,886143,3.43359333,46.33910301
leader,886643,3.43359302,46.33910254
leader,887143,3.43359292,46.33910286
leader,887643,3.43359362,46.33910304
leader,888243,3.43359353,46.33910282
leader,888643,3.43359304,46.33910260
leader,889243,3.43359335,46.33910316
leader,889843,3.43359337,46.33910261
leader,890643,3.43359319,46.33910289
leader,891143,3.43359349,46.33910287
leader,891643,3.43359307,46.33910263
leader,892043,3.43359349,46.33910296
leader,892543,3.43359322,46.33910296
leader,892943,3.43359268,46.33910265
leader,893443,3.43359361,46.33910300
leader,893943,3.43359360,46.33910275
leader,894343,3.43359299,46.33910268
leader,894843,3.43359294,46.33910276
leader,895343,3.43359366,46.33910283
leader,895743,3.43359334,46.33910306
leader,896243,3.43359347,46.33910278
leader,896843,3.43359333,46.33910282
leader,897343,3.43359360,46.33910241
leader,897743,3.43359293,46.33910260
leader,898243,3.43359295,46.33910255
leader,898743,3.43359293,46.33910261
leader,899243,3.43359333,46.33910237
leader,899743,3.43359363,46.33910284
leader,900143,3.43359370,46.33910269
leader,900743,3.43359315,46.33910270
leader,901143,3.43359352,46.33910250
leader,901743,3.43359371,46.33910310
leader,902243,3.43359362,46.33910290
leader,902643,3.43359298,46.33910286
leader,903143,3.43359337,46.33910282
leader,906943,3.43359291,46.33910268
leader,907443,3.43359367,46.33910263
leader,907843,3.43359367,46.33910256
leader,908343,3.43359318,46.33910226
leader,908743,3.43359319,46.33910248
leader,909243,3.43359340,46.33910252
leader,909743,3.43359313,46.33910273
leader,910243,3.43359332,46.33910300
leader,910743,3.43359338,46.33910280
leader,911143,3.43359265,46.33910268
leader,911743,3.43359380,46.33910272
leader,912143,3.43359305,46.33910322
leader,912643,3.43359350,46.33910272
leader,913243,3.43359360,46.33910303
leader,913743,3.43359293,46.33910271
leader,914143,3.43359312,46.33910287
leader,914743,3.43359337,46.33910321
leader,915143,3.43359367,46.33910272
leader,915543,3.43359368,46.33910292
leader,916043,3.43359358,46.33910264
leader,916543,3.43359305,46.33910267
leader,917043,3.43359329,46.33910273
leader,917443,3.43359298,46.33910285
leader,917843,3.43359351,46.33910287
leader,918343,3.43359335,46.33910270
leader,918843,3.43359334,46.33910278
leader,919343,3.43359354,46.33910260
leader,919943,3.43359338,46.33910257
leader,920443,3.43359387,46.33910288
leader,920943,3.43359338,46.33910272
leader,921543,3.43359328,46.33910249
leader,922043,3.43359313,46.33910273
leader,922443,3.43359315,46.33910274
leader,923043,3.43359355,46.33910283
leader,923643,3.43359314,46.33910246
leader,924043,3.43359337,46.33910257
leader,924643,3.43359356,46.33910252
leader,925143,3.43359372,46.33910280
leader,925643,3.43359304,46.33910281
leader,926143,3.43359339,46.33910268
leader,926743,3.43359347,46.33910288
leader,927343,3.43359334,46.33910298
leader,927743,3.43359351,46.33910295
leader,928243,3.43359335,46.33910260
leader,928743,3.43359284,46.33910245
leader,929243,3.43359303,46.33910282
leader,929743,3.43359356,46.33910257
leader,930343,3.43359329,46.33910247
leader,930943,3.43359354,46.33910272
leader,931443,3.43359305,46.33910267
leader,932043,3.43359315,46.33910254
leader,932643,3.43359343,46.33910281
leader,933143,3.43359330,46.33910276
leader,933643,3.43359322,46.33910230
leader,934243,3.43359340,46.33910299
leader,934743,3.43359315,46.33910312
leader,935243,3.43359349,46.33910303
leader,935843,3.43359318,46.33910284
leader,936243,3.43359313,46.33910244
leader,936843,3.43359330,46.33910300
leader,937343,3.43359314,46.33910277
leader,937843,3.43359311,46.33910275
leader,938243,3.43359383,46.33910241
leader,938743,3.43359410,46.33910264
leader,939143,3.43359347,46.33910224
leader,939543,3.43359332,46.33910276
leader,940143,3.43359320,46.33910300
leader,940543,3.43359321,46.33910304
leader,941043,3.43359331,46.33910266
leader,941543,3.43359314,46.33910273
leader,941943,3.43359316,46.33910270
leader,942443,3.43359348,46.33910265
leader,942943,3.43359359,46.33910263
leader,943443,3.43359341,46.33910304
leader,943943,3.43359326,46.33910264
leader,944343,3.43359335,46.33910284
leader,944743,3.43359382,46.33910302
leader,945243,3.43359336,46.33910274
leader,945743,3.43359313,46.33910257
leader,946043,3.43359329,46.33910268
leader,946643,3.43359323,46.33910268
leader,947143,3.43359323,46.33910244
leader,947543,3.43359362,46.33910299
leader,948143,3.43359298,46.33910291
leader,948643,3.43359343,46.33910280
leader,949043,3.43359246,46.33910282
leader,949643,3.43359380,46.33910271
leader,950043,3.43359324,46.33910273
leader,950543,3.43359321,46.33910276
leader,951043,3.43359351,46.33910302
leader,951543,3.43359344,46.33910265
leader,952043,3.43359342,46.33910285
leader,952543,3.43359333,46.33910309
leader,953043,3.43359312,46.33910284
leader,953443,3.43359374,46.33910253
leader,953943,3.43359325,46.33910286
leader,954343,3.43359315,46.33910279
leader,954843,3.43359310,46.33910281
leader,955343,3.43359330,46.33910279
leader,955843,3.43359300,46.33910272
leader,956343,3.43359353,46.33910277
leader,956743,3.43359324,46.33910281
leader,957243,3.43359356,46.33910274
leader,957743,3.43359339,46.33910271
leader,958243,3.43359328,46.33910246
leader,958643,3.43359341,46.33910268
leader,959143,3.43359367,46.33910295
leader,959643,3.43359362,46.33910281
leader,960143,3.43359316,46.33910248
leader,960643,3.43359300,46.33910257
leader,961143,3.43359303,46.33910272
leader,961643,3.43359354,46.33910256
leader,962143,3.43359355,46.33910282
leader,962743,3.43359378,46.33910267
leader,963243,3.43359348,46.33910256
leader,963843,3.43359341,46.33910267
leader,964243,3.43359317,46.33910269
leader,964843,3.43359326,46.33910299
leader,965343,3.43359316,46.33910264
leader,965943,3.43359356,46.33910281
leader,967043,3.43359369,46.33910291
leader,967743,3.43359355,46.33910250
leader,968343,3.43359365,46.33910279
leader,968843,3.43359382,46.33910262
leader,969543,3.43359334,46.33910278
leader,970043,3.43359370,46.33910257
leader,970643,3.43359299,46.33910240
leader,971143,3.43359366,46.33910253
leader,971643,3.43359351,46.33910264
leader,972243,3.43359364,46.33910229
leader,972743,3.43359333,46.33910276
leader,973343,3.43359300,46.33910290
leader,973843,3.43359353,46.33910273
leader,974343,3.43359326,46.33910225
leader,975043,3.43359366,46.33910284
leader,975843,3.43359338,46.33910267
leader,976343,3.43359392,46.33910286
leader,976843,3.43359371,46.33910279
leader,977343,3.43359349,46.33910282
leader,977943,3.43359316,46.33910286
leader,978443,3.43359369,46.33910300
leader,979043,3.43359309,46.33910240
leader,979443,3.43359327,46.33910268
leader,980043,3.43359395,46.33910289
leader,980443,3.43359367,46.33910245
leader,980943,3.43359339,46.33910256
leader,981543,3.43359342,46.33910265
leader,982143,3.43359353,46.33910244
leader,982643,3.43359329,46.33910254
leader,983143,3.43359321,46.33910292
leader,983743,3.43359290,46.33910271
leader,984243,3.43359313,46.33910271
leader,984643,3.43359300,46.33910287
leader,985143,3.43359372,46.33910260
leader,985643,3.43359434,46.33910261
leader,986243,3.43359331,46.33910268
leader,986643,3.43359382,46.33910285
leader,987143,3.43359389,46.33910217
leader,987643,3.43359291,46.33910259
leader,988243,3.43359342,46.33910261
leader,988743,3.43359393,46.33910244
leader,989243,3.43359398,46.33910279
leader,989843,3.43359374,46.33910291
leader,990243,3.43359309,46.33910269
leader,991043,3.43359361,46.33910260
leader,992043,3.43359345,46.33910260
leader,992543,3.43359370,46.33910245
leader,993043,3.43359327,46.33910277
leader,993443,3.43359344,46.33910260
leader,993843,3.43359369,46.33910258
leader,994343,3.43359373,46.33910290
leader,994843,3.43359349,46.33910249
leader,995243,3.43359301,46.33910271
leader,995843,3.43359327,46.33910232
leader,996543,3.43359295,46.33910284
leader,996943,3.43359364,46.33910284
leader,997443,3.43359353,46.33910273
leader,997943,3.43359355,46.33910253
leader,998443,3.43359287,46.33910250
leader,998943,3.43359327,46.33910291
leader,999443,3.43359311,46.33910271
leader,999843,3.43359368,46.33910267
leader,1000343,3.43359329,46.33910250
leader,1000843,3.43359353,46.33910238
leader,1001243,3.43359366,46.33910274
leader,1001743,3.43359362,46.33910263
leader,1002143,3.43359333,46.33910214
leader,1002743,3.43359346,46.33910281
leader,1003243,3.43359373,46.33910247
leader,1003743,3.43359371,46.33910280
leader,1004243,3.43359357,46.33910257
leader,1004743,3.43359355,46.33910282
leader,1005243,3.43359355,46.33910258
leader,1005743,3.43359341,46.33910243
leader,1006143,3.43359323,46.33910248
leader,1006743,3.43359336,46.33910225
leader,1007243,3.43359352,46.33910270
leader,1007743,3.43359341,46.33910278
leader,1008243,3.43359394,46.33910251
leader,1008743,3.43359348,46.33910254
leader,1009343,3.43359369,46.33910260
leader,1009843,3.43359373,46.33910268
leader,1010443,3.43359345,46.33910237
leader,1010943,3.43359363,46.33910275
leader,1011443,3.43359290,46.33910277
leader,1011843,3.43359416,46.33910270
leader,1012343,3.43359327,46.33910270
leader,1012843,3.43359323,46.33910255
leader,1013343,3.43359373,46.33910271
leader,1013843,3.43359362,46.33910250
leader,1014343,3.43359342,46.33910272
leader,1014743,3.43359338,46.33910272
leader,1015243,3.43359340,46.33910246
leader,1015843,3.43359326,46.33910271
leader,1016343,3.43359318,46.33910252
leader,1016843,3.43359358,46.33910295
leader,1017343,3.43359341,46.33910276
leader,1017843,3.43359339,46.33910263
leader,1018343,3.43359388,46.33910253
leader,1018943,3.43359360,46.33910271
leader,1019443,3.43359338,46.33910276
leader,1019943,3.43359387,46.33910270
leader,1020443,3.43359355,46.33910284
leader,1021043,3.43359352,46.33910278
leader,1021643,3.43359409,46.33910266
leader,1022143,3.43359349,46.33910263
leader,1022743,3.43359309,46.33910254
leader,1023243,3.43359368,46.33910255
leader,1023743,3.43359310,46.33910241
leader,1024343,3.43359334,46.33910202
leader,1024843,3.43359339,46.33910282
leader,1025343,3.43359353,46.33910284
leader,1025843,3.43359362,46.33910237
leader,1026443,3.43359375,46.33910259
leader,1026943,3.43359352,46.33910273
leader,1027443,3.43359378,46.33910298
leader,1027843,3.43359349,46.33910299
leader,1028543,3.43359349,46.33910276
leader,1029043,3.43359334,46.33910264
leader,1029543,3.43359371,46.33910276
leader,1030043,3.43359356,46.33910239
leader,1030543,3.43359359,46.33910268
leader,1031043,3.43359367,46.33910260
leader,1031643,3.43359324,46.33910239
leader,1032243,3.43359356,46.33910239
leader,1032743,3.43359357,46.33910273
leader,1033243,3.43359329,46.33910279
leader,1033743,3.43359406,46.33910255
leader,1034243,3.43359340,46.33910288
leader,1034743,3.43359323,46.33910255
leader,1035143,3.43359343,46.33910296
leader,1035543,3.43359356,46.33910248
leader,1036043,3.43359388,46.33910217
leader,1036543,3.43359412,46.33910294
leader,1036943,3.43359398,46.33910241
leader,1037343,3.43359323,46.33910252
leader,1037843,3.43359364,46.33910287
leader,1038243,3.43359359,46.33910262
leader,1038743,3.43359352,46.33910267
leader,1039243,3.43359355,46.33910282
leader,1039643,3.43359354,46.33910237
leader,1040243,3.43359312,46.33910236
leader,1040743,3.43359346,46.33910259
leader,1041443,3.43359335,46.33910268
leader,1043243,3.43359346,46.33910277
leader,1045143,3.43359314,46.33910262
leader,1046943,3.43359357,46.33910273
leader,1047543,3.43359366,46.33910273
leader,1048043,3.43359332,46.33910269
leader,1048543,3.43359377,46.33910255
leader,1049043,3.43359366,46.33910254
leader,1049643,3.43359372,46.33910262
leader,1050143,3.43359364,46.33910250
leader,1050743,3.43359378,46.33910266
leader,1051243,3.43359341,46.33910265
leader,1051843,3.43359389,46.33910234
leader,1052443,3.43359375,46.33910243
leader,1052943,3.43359339,46.33910237
leader,1053443,3.43359328,46.33910270
leader,1054043,3.43359369,46.33910268
leader,1054543,3.43359359,46.33910257
leader,1055043,3.43359384,46.33910241
leader,1055543,3.43359362,46.33910264
leader,1056143,3.43359377,46.33910273
leader,1056743,3.43359363,46.33910244
leader,1057343,3.43359381,46.33910270
leader,1057843,3.43359381,46.33910233
leader,1058343,3.43359365,46.33910239
leader,1059043,3.43359382,46.33910251
leader,1059643,3.43359385,46.33910227
leader,1060243,3.43359347,46.33910243
leader,1060743,3.43359365,46.33910279
leader,1061343,3.43359360,46.33910261
leader,1061843,3.43359345,46.33910263
leader,1062443,3.43359342,46.33910272
leader,1062943,3.43359341,46.33910249
leader,1063643,3.43359350,46.33910273
leader,1064143,3.43359385,46.33910258
leader,1064743,3.43359365,46.33910237
leader,1065343,3.43359358,46.33910249
leader,1065743,3.43359413,46.33910254
leader,1066343,3.43359382,46.33910263
leader,1066843,3.43359391,46.33910244
leader,1067343,3.43359404,46.33910261
leader,1067843,3.43359345,46.33910238
leader,1068543,3.43359351,46.33910274
leader,1069043,3.43359410,46.33910285
leader,1069443,3.43359401,46.33910268
leader,1070143,3.43359380,46.33910272
leader,1070543,3.43359390,46.33910228
leader,1071243,3.43359391,46.33910245
leader,1072143,3.43359342,46.33910259
leader,1072743,3.43359397,46.33910243
leader,1073443,3.43359399,46.33910268
leader,1074043,3.43359356,46.33910244
leader,1074543,3.43359408,46.33910274
leader,1075143,3.43359301,46.33910236
leader,1075743,3.43359386,46.33910243
leader,1076343,3.43359375,46.33910243
leader,1076843,3.43359394,46.33910262
leader,1077343,3.43359355,46.33910236
leader,1078043,3.43359331,46.33910229
leader,1078543,3.43359413,46.33910238
leader,1079043,3.43359388,46.33910233
leader,1079543,3.43359393,46.33910247
leader,1080043,3.43359340,46.33910264
leader,1080643,3.43359360,46.33910282
leader,1081243,3.43359364,46.33910234
leader,1081843,3.43359348,46.33910246
leader,1082443,3.43359387,46.33910267
leader,1083043,3.43359365,46.33910246
leader,1083643,3.43359366,46.33910262
leader,1084143,3.43359337,46.33910224
leader,1084743,3.43359328,46.33910249
leader,1085243,3.43359350,46.33910246
leader,1085743,3.43359352,46.33910239
leader,1086243,3.43359337,46.33910246
leader,1086843,3.43359366,46.33910237
leader,1087443,3.43359364,46.33910258
leader,1088043,3.43359363,46.33910254
leader,1088543,3.43359339,46.33910247
leader,1089243,3.43359372,46.33910233
leader,1089843,3.43359385,46.33910231
leader,1090343,3.43359379,46.33910269
leader,1090843,3.43359441,46.33910240
leader,1091443,3.43359372,46.33910239
leader,1092043,3.43359371,46.33910235
leader,1092743,3.43359395,46.33910252
leader,1093343,3.43359329,46.33910250
leader,1093843,3.43359382,46.33910247
leader,1094343,3.43359359,46.33910271
leader,1094843,3.43359330,46.33910250
leader,1095243,3.43359324,46.33910238
leader,1095843,3.43359362,46.33910237
leader,1096343,3.43359346,46.33910253
leader,1096743,3.43359423,46.33910263
leader,1097243,3.43359368,46.33910252
leader,1097743,3.43359413,46.33910254
leader,1098243,3.43359340,46.33910236
leader,1098643,3.43359362,46.33910267
leader,1099143,3.43359321,46.33910237
leader,1099543,3.43359335,46.33910216
leader,1100043,3.43359371,46.33910232
leader,1100443,3.43359316,46.33910255
leader,1101043,3.43359349,46.33910210
leader,1101443,3.43359354,46.33910251
leader,1101943,3.43359349,46.33910244
leader,1102443,3.43359349,46.33910236
leader,1102943,3.43359386,46.33910258
leader,1103343,3.43359336,46.33910275
leader,1103843,3.43359365,46.33910233
leader,1104343,3.43359373,46.33910236
leader,1104843,3.43359378,46.33910300
leader,1105343,3.43359320,46.33910232
leader,1105843,3.43359381,46.33910225
leader,1106243,3.43359366,46.33910246
leader,1106743,3.43359371,46.33910265
leader,1107243,3.43359358,46.33910249
leader,1107643,3.43359345,46.33910228
leader,1108043,3.43359346,46.33910252
leader,1108643,3.43359304,46.33910232
leader,1109043,3.43359374,46.33910247
leader,1109543,3.43359379,46.33910257
leader,1109943,3.43359318,46.33910221
leader,1110643,3.43359359,46.33910245
leader,1111143,3.43359421,46.33910222
leader,1111843,3.43359346,46.33910266
leader,1112343,3.43359384,46.33910225
leader,1112843,3.43359349,46.33910263
leader,1122043,3.43359379,46.33910243
leader,1122743,3.43359301,46.33910256
leader,1123243,3.43359363,46.33910280
leader,1123743,3.43359363,46.33910259
leader,1124243,3.43359325,46.33910267
leader,1124843,3.43359338,46.33910249
leader,1125343,3.43359338,46.33910279
leader,1125943,3.43359322,46.33910239
leader,1126443,3.43359418,46.33910255
leader,1126943,3.43359341,46.33910249
leader,1127443,3.43359376,46.33910265
leader,1127943,3.43359333,46.33910234
leader,1128343,3.43359375,46.33910285
leader,1128843,3.43359369,46.33910264
leader,1129243,3.43359359,46.33910267
leader,1129643,3.43359364,46.33910256
leader,1130143,3.43359426,46.33910240
leader,1130543,3.43359350,46.33910232
leader,1131243,3.43359337,46.33910278
leader,1131743,3.43359355,46.33910219
leader,1132243,3.43359290,46.33910230
leader,1132843,3.43359383,46.33910240
leader,1133443,3.43359378,46.33910253
leader,1133843,3.43359384,46.33910233
leader,1134443,3.43359344,46.33910249
leader,1134943,3.43359307,46.33910229
leader,1135443,3.43359396,46.33910238
leader,1135943,3.43359402,46.33910242
leader,1136343,3.43359327,46.33910234
leader,1136843,3.43359334,46.33910217
leader,1137243,3.43359346,46.33910224
leader,1137943,3.43359392,46.33910260
leader,1138343,3.43359373,46.33910254
leader,1138843,3.43359406,46.33910259
leader,1139343,3.43359356,46.33910200
leader,1139843,3.43359329,46.33910240
leader,1140343,3.43359364,46.33910257
leader,1140843,3.43359333,46.33910246
leader,1141343,3.43359354,46.33910225
leader,1141843,3.43359350,46.33910238
leader,1142243,3.43359400,46.33910259
leader,1142743,3.43359391,46.33910252
leader,1143143,3.43359385,46.33910230
leader,1143643,3.43359369,46.33910255
leader,1144243,3.43359384,46.33910232
leader,1144743,3.43359337,46.33910223
leader,1145143,3.43359375,46.33910235
leader,1145643,3.43359385,46.33910257
leader,1146143,3.43359391,46.33910241
leader,1146743,3.43359365,46.33910271
leader,1147243,3.43359373,46.33910214
leader,1147743,3.43359388,46.33910219
leader,1148143,3.43359350,46.33910262
leader,1148743,3.43359376,46.33910227
leader,1149243,3.43359402,46.33910238
leader,1149643,3.43359388,46.33910269
leader,1150043,3.43359366,46.33910242
leader,1150443,3.43359360,46.33910232
leader,1150943,3.43359341,46.33910264
leader,1151443,3.43359337,46.33910270
leader,1151843,3.43359339,46.33910274
leader,1152343,3.43359379,46.33910259
leader,1152743,3.43359391,46.33910228
leader,1153243,3.43359373,46.33910251
leader,1153743,3.43359385,46.33910257
leader,1154343,3.43359384,46.33910278
leader,1154843,3.43359328,46.33910246
leader,1155343,3.43359386,46.33910254
leader,1155743,3.43359351,46.33910253
leader,1156243,3.43359356,46.33910208
leader,1156743,3.43359352,46.33910260
leader,1157143,3.43359378,46.33910254
leader,1157543,3.43359347,46.33910221
leader,1157943,3.43359384,46.33910255
leader,1158543,3.43359340,46.33910222
leader,1159043,3.43359382,46.33910280
leader,1159543,3.43359353,46.33910249
leader,1160043,3.43359361,46.33910222
leader,1160643,3.43359386,46.33910259
leader,1161143,3.43359360,46.33910267
leader,1161643,3.43359399,46.33910227
leader,1162143,3.43359344,46.33910244
leader,1162743,3.43359365,46.33910222
leader,1163343,3.43359386,46.33910237
leader,1163843,3.43359379,46.33910243
leader,1164243,3.43359337,46.33910266
leader,1164843,3.43359339,46.33910249
leader,1165343,3.43359346,46.33910255
leader,1165943,3.43359371,46.33910247
leader,1166443,3.43359426,46.33910221
leader,1166943,3.43359320,46.33910245
leader,1167543,3.43359361,46.33910212
leader,1168143,3.43359361,46.33910240
leader,1168643,3.43359352,46.33910237
leader,1169143,3.43359383,46.33910269
leader,1169643,3.43359372,46.33910250
leader,1170243,3.43359395,46.33910228
leader,1170743,3.43359353,46.33910248
leader,1171343,3.43359350,46.33910242
leader,1171843,3.43359364,46.33910237
leader,1172443,3.43359422,46.33910245
leader,1173043,3.43359407,46.33910219
leader,1173643,3.43359354,46.33910216
leader,1174143,3.43359338,46.33910247
leader,1174743,3.43359368,46.33910260
leader,1175243,3.43359410,46.33910258
leader,1175943,3.43359362,46.33910262
leader,1176443,3.43359389,46.33910266
leader,1176943,3.43359405,46.33910236
leader,1177543,3.43359388,46.33910266
leader,1178043,3.43359399,46.33910242
leader,1178643,3.43359377,46.33910255
leader,1179143,3.43359341,46.33910280
leader,1179643,3.43359334,46.33910199
leader,1180143,3.43359371,46.33910245
leader,1180743,3.43359336,46.33910242
leader,1181243,3.43359392,46.33910221
leader,1181743,3.43359366,46.33910231
leader,1182243,3.43359388,46.33910217
leader,1182643,3.43359353,46.33910262
leader,1183043,3.43359365,46.33910232
leader,1183543,3.43359383,46.33910260
leader,1183943,3.43359337,46.33910250
leader,1184443,3.43359391,46.33910276
leader,1184943,3.43359385,46.33910246
leader,1185443,3.43359387,46.33910245
leader,1186043,3.43359408,46.33910246
leader,1186443,3.43359391,46.33910261
leader,1186943,3.43359391,46.33910222
leader,1187443,3.43359350,46.33910222
leader,1187943,3.43359391,46.33910257
leader,1188443,3.43359345,46.33910248
leader,1188943,3.43359415,46.33910197
leader,1189443,3.43359395,46.33910228
leader,1189843,3.43359360,46.33910212
leader,1190343,3.43359354,46.33910251
leader,1190843,3.43359325,46.33910231
leader,1191343,3.43359386,46.33910241
leader,1191743,3.43359355,46.33910239
leader,1192243,3.43359368,46.33910274
leader,1192743,3.43359377,46.33910255
leader,1193243,3.43359377,46.33910212
leader,1193743,3.43359352,46.33910221
leader,1194243,3.43359350,46.33910210
leader,1194643,3.43359376,46.33910265
leader,1195143,3.43359386,46.33910249
leader,1195643,3.43359363,46.33910253
leader,1196043,3.43359355,46.33910249
leader,1196643,3.43359360,46.33910265
leader,1197143,3.43359352,46.33910213
leader,1197543,3.43359358,46.33910225
leader,1198043,3.43359333,46.33910237
leader,1198543,3.43359385,46.33910200
leader,1199043,3.43359409,46.33910240
leader,1199543,3.43359365,46.33910249
leader,1200043,3.43359391,46.33910206
leader,1200443,3.43359386,46.33910244
leader,1200943,3.43359399,46.33910269
leader,1201343,3.43359395,46.33910229
leader,1201843,3.43359398,46.33910197
leader,1202443,3.43359404,46.33910234
leader,1202843,3.43359352,46.33910240
leader,1203343,3.43359365,46.33910231
leader,1203843,3.43359391,46.33910261
leader,1204243,3.43359392,46.33910220
leader,1204843,3.43359351,46.33910232
leader,1205343,3.43359372,46.33910242
leader,1205943,3.43359379,46.33910236
leader,1206443,3.43359341,46.33910257
leader,1206943,3.43359360,46.33910241
leader,1207343,3.43359398,46.33910241
leader,1207843,3.43359360,46.33910246
leader,1208443,3.43359359,46.33910265
leader,1208843,3.43359356,46.33910252
leader,1209343,3.43359414,46.33910243
leader,1209843,3.43359408,46.33910225
leader,1210343,3.43359410,46.33910220
leader,1210843,3.43359373,46.33910243
leader,1211343,3.43359325,46.33910247
leader,1211743,3.43359387,46.33910219
leader,1212243,3.43359386,46.33910279
leader,1212743,3.43359328,46.33910245
leader,1213243,3.43359385,46.33910279
leader,1213743,3.43359373,46.33910204
leader,1214243,3.43359384,46.33910255
leader,1214743,3.43359415,46.33910210
leader,1215143,3.43359374,46.33910287
leader,1215643,3.43359375,46.33910223
leader,1216143,3.43359330,46.33910248
leader,1216643,3.43359350,46.33910244
leader,1217143,3.43359350,46.33910258
leader,1217643,3.43359377,46.33910252
leader,1218143,3.43359396,46.33910240
leader,1218643,3.43359348,46.33910230
leader,1219143,3.43359357,46.33910228
leader,1219643,3.43359364,46.33910214
leader,1220143,3.43359401,46.33910256
leader,1220643,3.43359362,46.33910217
leader,1221043,3.43359370,46.33910233
leader,1221543,3.43359381,46.33910261
leader,1222043,3.43359373,46.33910244
leader,1222543,3.43359421,46.33910243
leader,1223143,3.43359384,46.33910246
leader,1223543,3.43359409,46.33910229
leader,1224043,3.43359345,46.33910245
leader,1224543,3.43359390,46.33910269
leader,1225043,3.43359288,46.33910228
leader,1225543,3.43359361,46.33910243
leader,1225943,3.43359329,46.33910247
leader,1226443,3.43359325,46.33910236
leader,1226943,3.43359399,46.33910228
leader,1227443,3.43359347,46.33910235
leader,1227943,3.43359432,46.33910237
leader,1228443,3.43359355,46.33910262
leader,1228843,3.43359323,46.33910251
leader,1229443,3.43359373,46.33910254
leader,1229843,3.43359371,46.33910241
leader,1230343,3.43359381,46.33910238
leader,1230943,3.43359347,46.33910215
leader,1231343,3.43359316,46.33910242
leader,1231843,3.43359335,46.33910267
leader,1232243,3.43359398,46.33910279
leader,1232743,3.43359365,46.33910209
leader,1233143,3.43359374,46.33910247
leader,1233643,3.43359413,46.33910252
leader,1234143,3.43359323,46.33910234
leader,1234743,3.43359380,46.33910236
leader,1235143,3.43359373,46.33910240
leader,1235643,3.43359383,46.33910242
leader,1236043,3.43359327,46.33910255
leader,1236543,3.43359378,46.33910232
leader,1236943,3.43359400,46.33910214
leader,1237543,3.43359368,46.33910227
leader,1238043,3.43359396,46.33910257
leader,1238543,3.43359368,46.33910223
leader,1239043,3.43359344,46.33910246
leader,1239443,3.43359354,46.33910232
leader,1239943,3.43359371,46.33910266
leader,1240343,3.43359347,46.33910264
leader,1240743,3.43359326,46.33910246
leader,1241243,3.43359386,46.33910258
leader,1241743,3.43359398,46.33910247
leader,1242243,3.43359353,46.33910263
leader,1242743,3.43359381,46.33910242
leader,1243243,3.43359377,46.33910260
leader,1243743,3.43359349,46.33910219
leader,1244143,3.43359357,46.33910208
leader,1244643,3.43359375,46.33910201
leader,1245143,3.43359328,46.33910244
leader,1245543,3.43359402,46.33910249
leader,1246043,3.43359370,46.33910211
leader,1246643,3.43359391,46.33910213
leader,1247143,3.43359371,46.33910240
leader,1247743,3.43359429,46.33910263
leader,1248243,3.43359356,46.33910252
leader,1248643,3.43359368,46.33910239
leader,1249143,3.43359381,46.33910256
leader,1249643,3.43359431,46.33910222
leader,1250043,3.43359376,46.33910270
leader,1250643,3.43359373,46.33910238
leader,1251043,3.43359363,46.33910217
leader,1251543,3.43359396,46.33910276
leader,1252043,3.43359392,46.33910231
leader,1252543,3.43359365,46.33910253
leader,1252943,3.43359333,46.33910253
leader,1253343,3.43359357,46.33910237
leader,1253943,3.43359334,46.33910224
leader,1254343,3.43359365,46.33910253
leader,1254943,3.43359379,46.33910247
leader,1255543,3.43359374,46.33910248
leader,1256043,3.43359389,46.33910242
leader,1256643,3.43359375,46.33910263
leader,1257143,3.43359362,46.33910238
leader,1257843,3.43359418,46.33910192
leader,1258343,3.43359385,46.33910248
leader,1258843,3.43359392,46.33910237
leader,1259443,3.43359357,46.33910209
leader,1260043,3.43359360,46.33910236
leader,1260543,3.43359414,46.33910253
leader,1261143,3.43359320,46.33910229
leader,1261643,3.43359394,46.33910214
leader,1262143,3.43359344,46.33910223
leader,1262743,3.43359376,46.33910260
leader,1263243,3.43359416,46.33910254
leader,1263843,3.43359301,46.33910228
leader,1264443,3.43359386,46.33910210
leader,1264943,3.43359368,46.33910225
leader,1265443,3.43359391,46.33910236
leader,1265943,3.43359368,46.33910212
leader,1266643,3.43359351,46.33910217
leader,1267243,3.43359378,46.33910203
leader,1268043,3.43359362,46.33910246
leader,1268643,3.43359381,46.33910249
leader,1269243,3.43359382,46.33910238
leader,1269843,3.43359360,46.33910204
leader,1270343,3.43359350,46.33910221
leader,1271043,3.43359354,46.33910250
leader,1271643,3.43359425,46.33910211
leader,1272243,3.43359385,46.33910228
leader,1272843,3.43359401,46.33910210
leader,1273443,3.43359376,46.33910231
leader,1274143,3.43359370,46.33910229
leader,1274643,3.43359374,46.33910264
leader,1275243,3.43359364,46.33910229
leader,1275743,3.43359348,46.33910217
leader,1276343,3.43359388,46.33910234
leader,1276843,3.43359384,46.33910238
leader,1277343,3.43359375,46.33910253
leader,1277843,3.43359409,46.33910226
leader,1278343,3.43359416,46.33910214
leader,1278843,3.43359347,46.33910238
leader,1279843,3.43359389,46.33910222
leader,1280643,3.43359383,46.33910233
leader,1281143,3.43359381,46.33910261
leader,1281543,3.43359355,46.33910226
leader,1282043,3.43359377,46.33910224
leader,1282543,3.43359359,46.33910255
leader,1283043,3.43359359,46.33910236
leader,1283643,3.43359397,46.33910271
leader,1284043,3.43359391,46.33910203
leader,1284643,3.43359340,46.33910241
leader,1285143,3.43359350,46.33910256
leader,1285543,3.43359335,46.33910245
leader,1286043,3.43359398,46.33910236
leader,1286543,3.43359387,46.33910212
leader,1287043,3.43359371,46.33910245
leader,1287543,3.43359386,46.33910243
leader,1288043,3.43359382,46.33910234
leader,1288543,3.43359383,46.33910239
leader,1289043,3.43359385,46.33910253
leader,1289543,3.43359339,46.33910233
leader,1290043,3.43359385,46.33910219
leader,1290543,3.43359422,46.33910239
leader,1291043,3.43359421,46.33910208
leader,1291543,3.43359399,46.33910237
leader,1292043,3.43359399,46.33910255
leader,1292643,3.43359395,46.33910224
leader,1293143,3.43359438,46.33910229
leader,1293643,3.43359352,46.33910242
leader,1294043,3.43359376,46.33910307
leader,1294543,3.43359357,46.33910231
leader,1295143,3.43359404,46.33910259
leader,1295643,3.43359411,46.33910200
leader,1296043,3.43359364,46.33910234
leader,1296743,3.43359370,46.33910224
leader,1297243,3.43359350,46.33910234
leader,1297843,3.43359365,46.33910228
leader,1298443,3.43359394,46.33910240
leader,1299043,3.43359357,46.33910243
leader,1299643,3.43359373,46.33910224
leader,1300143,3.43359423,46.33910225
leader,1300643,3.43359355,46.33910212
leader,1301243,3.43359398,46.33910244
leader,1301743,3.43359366,46.33910247
leader,1302143,3.43359340,46.33910227
leader,1302843,3.43359402,46.33910210
leader,1303443,3.43359386,46.33910239
leader,1304043,3.43359331,46.33910233
leader,1304643,3.43359359,46.33910267
leader,1305143,3.43359368,46.33910263
leader,1305843,3.43359356,46.33910257
leader,1306343,3.43359425,46.33910184
leader,1306943,3.43359392,46.33910199
leader,1307543,3.43359428,46.33910234
leader,1308343,3.43359381,46.33910232
leader,1308943,3.43359376,46.33910239
leader,1309443,3.43359385,46.33910267
leader,1309943,3.43359419,46.33910229
leader,1310543,3.43359404,46.33910212
leader,1311043,3.43359402,46.33910214
leader,1311643,3.43359401,46.33910227
leader,1312143,3.43359368,46.33910222
leader,1312643,3.43359385,46.33910188
leader,1313143,3.43359399,46.33910218
leader,1313643,3.43359391,46.33910235
leader,1314243,3.43359343,46.33910236
leader,1314743,3.43359404,46.33910258
leader,1315243,3.43359358,46.33910237
leader,1315743,3.43359401,46.33910219
leader,1316243,3.43359392,46.33910228
leader,1316743,3.43359381,46.33910255
leader,1317243,3.43359408,46.33910239
leader,1317743,3.43359409,46.33910223
leader,1318243,3.43359356,46.33910240
leader,1318743,3.43359361,46.33910223
leader,1319243,3.43359404,46.33910239
leader,1319843,3.43359350,46.33910207
leader,1320343,3.43359416,46.33910220
leader,1320843,3.43359425,46.33910255
leader,1321343,3.43359373,46.33910263
leader,1321943,3.43359381,46.33910238
leader,1322543,3.43359354,46.33910234
leader,1323043,3.43359374,46.33910233
leader,1323543,3.43359383,46.33910240
leader,1324143,3.43359415,46.33910200
leader,1324643,3.43359347,46.33910239
leader,1325043,3.43359421,46.33910226
leader,1325643,3.43359406,46.33910229
leader,1326243,3.43359394,46.33910261
leader,1326743,3.43359345,46.33910268
leader,1327243,3.43359410,46.33910243
leader,1327743,3.43359344,46.33910232
leader,1328143,3.43359366,46.33910199
leader,1328643,3.43359412,46.33910258
leader,1329143,3.43359376,46.33910268
leader,1329543,3.43359378,46.33910234
leader,1330143,3.43359390,46.33910215
leader,1330643,3.43359409,46.33910225
leader,1331143,3.43359395,46.33910223
leader,1331643,3.43359392,46.33910244
leader,1332143,3.43359415,46.33910246
leader,1332743,3.43359363,46.33910234
leader,1333343,3.43359398,46.33910203
leader,1334043,3.43359357,46.33910222
leader,1334143,3.43359357,46.33910225
leader,1334243,3.43359371,46.33910232
leader,1334343,3.43359419,46.33910235
leader,1334443,3.43359423,46.33910258
leader,1334543,3.43359395,46.33910235
leader,1334643,3.43359406,46.33910250
leader,1334743,3.43359476,46.33910235
leader,1334843,3.43359367,46.33910235
leader,1334943,3.43359373,46.33910236
leader,1335043,3.43359369,46.33910245
